SEASON,combine_player_id,combine_first_name,combine_last_name,combine_player_name,combine_position,combine_hgt_no_shoes,HEIGHT_WO_SHOES_FT_IN,combine_hgt,HEIGHT_W_SHOES_FT_IN,combine_wgt,combine_wngspn,WINGSPAN_FT_IN,combine_stndrch,STANDING_REACH_FT_IN,combine_bf,combine_handl,combine_handw,combine_stndvert,combine_lpvert,combine_lane,combine_mod_lane,combine_sprint,combine_bench,draft_year,SPOT_FIFTEEN_CORNER_LEFT,SPOT_FIFTEEN_BREAK_LEFT,SPOT_FIFTEEN_TOP_KEY,SPOT_FIFTEEN_BREAK_RIGHT,SPOT_FIFTEEN_CORNER_RIGHT,SPOT_COLLEGE_CORNER_LEFT,SPOT_COLLEGE_BREAK_LEFT,SPOT_COLLEGE_TOP_KEY,SPOT_COLLEGE_BREAK_RIGHT,SPOT_COLLEGE_CORNER_RIGHT,SPOT_NBA_CORNER_LEFT,SPOT_NBA_BREAK_LEFT,SPOT_NBA_TOP_KEY,SPOT_NBA_BREAK_RIGHT,SPOT_NBA_CORNER_RIGHT,OFF_DRIB_FIFTEEN_BREAK_LEFT,OFF_DRIB_FIFTEEN_TOP_KEY,OFF_DRIB_FIFTEEN_BREAK_RIGHT,OFF_DRIB_COLLEGE_BREAK_LEFT,OFF_DRIB_COLLEGE_TOP_KEY,OFF_DRIB_COLLEGE_BREAK_RIGHT,ON_MOVE_FIFTEEN,ON_MOVE_COLLEGE,combine_wingspan_delta,combine_reach_ratio
2000,2124,Malik,Allen,Malik Allen,PF-C,80.25,6' 8.25'',,,271,86.5,7' 2.5'',109.0,9' 1'',,,,25.5,29.0,11.83,,3.38,13.0,2000,,,,,,,,,,,,,,,,,,,,,,,,6.25,1.3583
2000,12019,Harold,Arceneaux,Harold Arceneaux,SG-SF,76.5,6' 4.5'',,,219,80.5,6' 8.5'',103.0,8' 7'',,,,,29.0,13.8,,,0.0,2000,,,,,,,,,,,,,,,,,,,,,,,,4.0,1.3464
2000,12020,Lamont,Barnes,Lamont Barnes,PF-C,80.5,6' 8.5'',,,235.5,87.5,7' 3.5'',108.0,9' 0'',,,,28.0,29.5,12.3,,3.4,10.0,2000,,,,,,,,,,,,,,,,,,,,,,,,7.0,1.3416
2000,12131,Mario,Bland,Mario Bland,PF,77.5,6' 5.5'',,,287,84.0,7' 0'',103.0,8' 7'',,,,27.0,31.0,13.04,,3.47,15.0,2000,,,,,,,,,,,,,,,,,,,,,,,,6.5,1.329
2000,2056,Primoz,Brezec,Primoz Brezec,C,84.75,7' 0.75'',,,243,86.0,7' 2'',110.0,9' 2'',,,,26.0,29.5,11.53,,3.55,,2000,,,,,,,,,,,,,,,,,,,,,,,,1.25,1.2979
2000,2081,Ernest,Brown,Ernest Brown,C,82.0,6' 10'',,,222.5,85.25,7' 1.25'',109.5,9' 1.5'',,,,,,,,,2.0,2000,,,,,,,,,,,,,,,,,,,,,,,,3.25,1.3354
2000,2049,Speedy,Claxton,Speedy Claxton,PG,70.5,5' 10.5'',,,166,72.0,6' 0'',94.5,7' 10.5'',,,,36.0,42.5,10.48,,3.06,6.0,2000,,,,,,,,,,,,,,,,,,,,,,,,1.5,1.3404
2000,12132,Eric,Coley,Eric Coley,SG-SF,76.0,6' 4'',,,205,83.0,6' 11'',102.0,8' 6'',,,,35.0,38.0,11.4,,3.15,10.0,2000,,,,,,,,,,,,,,,,,,,,,,,,7.0,1.3421
2000,12133,Ed,Cota,Ed Cota,PG,72.25,6' 0.25'',,,189,76.0,6' 4'',96.5,8' 0.5'',,,,26.5,33.5,10.98,,3.24,1.0,2000,,,,,,,,,,,,,,,,,,,,,,,,3.75,1.3356
2000,12134,Schea,Cotton,Schea Cotton,SF,76.25,6' 4.25'',,,219.5,79.0,6' 7'',100.0,8' 4'',,,,34.0,38.0,11.55,,3.0,19.0,2000,,,,,,,,,,,,,,,,,,,,,,,,2.75,1.3115
2000,2037,Jamal,Crawford,Jamal Crawford,PG-SG,76.5,6' 4.5'',,,175,82.0,6' 10'',102.5,8' 6.5'',,,,,,,,,0.0,2000,,,,,,,,,,,,,,,,,,,,,,,,5.5,1.3399
2000,12017,Caswell,Cyrus,Caswell Cyrus,PF,79.75,6' 7.75'',,,220.5,86.0,7' 2'',107.5,8' 11.5'',,,,33.5,37.5,12.12,,3.16,18.0,2000,,,,,,,,,,,,,,,,,,,,,,,,6.25,1.348
2000,2064,Khalid,El-Amin,Khalid El-Amin,PG,69.0,5' 9'',,,200,73.5,6' 1.5'',93.0,7' 9'',,,,27.5,32.0,10.59,,3.32,6.0,2000,,,,,,,,,,,,,,,,,,,,,,,,4.5,1.3478
2000,12018,Vassil,Evtimov,Vassil Evtimov,PF,81.75,6' 9.75'',,,262,82.5,6' 10.5'',106.5,8' 10.5'',,,,21.0,28.5,11.75,,3.52,13.0,2000,,,,,,,,,,,,,,,,,,,,,,,,0.75,1.3028
2000,2238,Antonis,Fotsis,Antonis Fotsis,SF,81.25,6' 9.25'',,,219,80.5,6' 8.5'',106.0,8' 10'',,,,27.0,30.0,11.6,,3.44,2.0,2000,,,,,,,,,,,,,,,,,,,,,,,,-0.75,1.3046
2000,2109,Eddie,Gill,Eddie Gill,PG,71.75,5' 11.75'',,,176,76.0,6' 4'',93.0,7' 9'',,,,35.0,38.5,11.12,,3.18,13.0,2000,,,,,,,,,,,,,,,,,,,,,,,,4.25,1.2962
2000,12135,Ceedric,Goodwyn,Ceedric Goodwyn,SF-PF,78.0,6' 6'',,,238,82.0,6' 10'',104.5,8' 8.5'',,,,,,,,,,2000,,,,,,,,,,,,,,,,,,,,,,,,4.0,1.3397
2000,12136,Marcus,Goree,Marcus Goree,SF-PF,79.5,6' 7.5'',,,239,84.5,7' 0.5'',105.5,8' 9.5'',,,,29.5,33.5,12.0,,3.25,13.0,2000,,,,,,,,,,,,,,,,,,,,,,,,5.0,1.327
2000,12137,A.J.,Granger,A.J. Granger,SF,79.5,6' 7.5'',,,227,81.5,6' 9.5'',103.0,8' 7'',,,,30.0,34.0,10.73,,3.25,20.0,2000,,,,,,,,,,,,,,,,,,,,,,,,2.0,1.2956
2000,2062,A.J.,Guyton,A.J. Guyton,PG-SG,72.75,6' 0.75'',,,175,75.75,6' 3.75'',97.5,8' 1.5'',,,,33.0,37.5,10.55,,3.22,9.0,2000,,,,,,,,,,,,,,,,,,,,,,,,3.0,1.3402
2000,2110,Ron,Hale,Ron Hale,SG-SF,79.5,6' 7.5'',,,202,83.0,6' 11'',104.5,8' 8.5'',,,,29.5,34.5,12.58,,3.2,11.0,2000,,,,,,,,,,,,,,,,,,,,,,,,3.5,1.3145
2000,2078,Jason,Hart,Jason Hart,PG,73.75,6' 1.75'',,,181,78.0,6' 6'',97.5,8' 1.5'',,,,29.5,33.5,11.7,,3.34,9.0,2000,,,,,,,,,,,,,,,,,,,,,,,,4.25,1.322
2000,2051,Donnell,Harvey,Donnell Harvey,PF,79.25,6' 7.25'',,,220,84.5,7' 0.5'',105.5,8' 9.5'',,,,33.0,32.5,11.23,,,15.0,2000,,,,,,,,,,,,,,,,,,,,,,,,5.25,1.3312
2000,12138,Johnny,Hemsley,Johnny Hemsley,SG-SF,74.75,6' 2.75'',,,200,80.0,6' 8'',100.5,8' 4.5'',,,,31.5,35.0,11.5,,3.19,5.0,2000,,,,,,,,,,,,,,,,,,,,,,,,5.25,1.3445
2000,12139,Michael,Hermon,Michael Hermon,SG-PG,74.75,6' 2.75'',,,195,78.25,6' 6.25'',98.5,8' 2.5'',,,,29.0,33.0,11.79,,3.25,0.0,2000,,,,,,,,,,,,,,,,,,,,,,,,3.5,1.3177
2000,2083,Cory,Hightower,Cory Hightower,SG-SF,77.5,6' 5.5'',,,183,83.0,6' 11'',101.5,8' 5.5'',,,,29.5,34.5,11.92,,3.37,0.0,2000,,,,,,,,,,,,,,,,,,,,,,,,5.5,1.3097
2000,12140,Shaheen,Holloway,Shaheen Holloway,PG,69.5,5' 9.5'',,,174,70.0,5' 10'',91.0,7' 7'',,,,,,11.22,,3.32,6.0,2000,,,,,,,,,,,,,,,,,,,,,,,,0.5,1.3094
2000,2067,Eddie,House,Eddie House,SG-PG,71.75,5' 11.75'',,,176.5,75.5,6' 3.5'',95.0,7' 11'',,,,29.5,38.5,11.12,,3.27,5.0,2000,,,,,,,,,,,,,,,,,,,,,,,,3.75,1.324
2000,2111,Jimmie,Hunter,Jimmie Hunter,SG-PG,75.0,6' 3'',,,170,80.0,6' 8'',100.0,8' 4'',,,,29.0,36.0,11.23,,3.35,0.0,2000,,,,,,,,,,,,,,,,,,,,,,,,5.0,1.3333
2000,12141,Jacob,Jaacks,Jacob Jaacks,PF,81.25,6' 9.25'',,,238,83.0,6' 11'',105.5,8' 9.5'',,,,26.0,32.0,11.48,,3.58,3.0,2000,,,,,,,,,,,,,,,,,,,,,,,,1.75,1.2985
2000,2060,Marko,Jaric,Marko Jaric,SG-SF,78.5,6' 6.5'',,,210,81.0,6' 9'',104.0,8' 8'',,,,27.5,33.0,11.32,,3.28,,2000,,,,,,,,,,,,,,,,,,,,,,,,2.5,1.3248
2000,12142,Nate,Johnson,Nate Johnson,SF,78.5,6' 6.5'',,,211.5,80.5,6' 8.5'',104.0,8' 8'',,,,27.0,33.5,11.9,,3.33,13.0,2000,,,,,,,,,,,,,,,,,,,,,,,,2.0,1.3248
2000,12143,Kenyon,Jones,Kenyon Jones,PF-C,81.0,6' 9'',,,282,85.0,7' 1'',108.0,9' 0'',,,,28.5,30.0,12.44,,3.6,20.0,2000,,,,,,,,,,,,,,,,,,,,,,,,4.0,1.3333
2000,2077,Mark,Karcher,Mark Karcher,SG,76.0,6' 4'',,,218,80.0,6' 8'',102.5,8' 6.5'',,,,27.5,30.5,11.51,,3.4,12.0,2000,,,,,,,,,,,,,,,,,,,,,,,,4.0,1.3487
2000,12144,Brandon,Kurtz,Brandon Kurtz,PF-C,81.5,6' 9.5'',,,257,83.25,6' 11.25'',106.5,8' 10.5'',,,,,,,,,7.0,2000,,,,,,,,,,,,,,,,,,,,,,,,1.75,1.3067
2000,2061,Dan,Langhi,Dan Langhi,SF,81.0,6' 9'',,,197.5,80.0,6' 8'',104.0,8' 8'',,,,31.0,34.5,10.85,,3.24,12.0,2000,,,,,,,,,,,,,,,,,,,,,,,,-1.0,1.284
2000,2090,Justin,Love,Justin Love,PG-SG,73.5,6' 1.5'',,,205.5,76.5,6' 4.5'',97.5,8' 1.5'',,,,31.0,38.5,10.99,,3.31,24.0,2000,,,,,,,,,,,,,,,,,,,,,,,,3.0,1.3265
2000,2058,Mark,Madsen,Mark Madsen,PF,80.0,6' 8'',,,236.5,84.5,7' 0.5'',104.5,8' 8.5'',,,,30.5,33.5,12.12,,3.46,13.0,2000,,,,,,,,,,,,,,,,,,,,,,,,4.5,1.3062
2000,2082,Dan,McClintock,Dan McClintock,C-PF,83.0,6' 11'',,,250,85.5,7' 1.5'',107.0,8' 11'',,,,33.0,35.0,11.52,,3.33,20.0,2000,,,,,,,,,,,,,,,,,,,,,,,,2.5,1.2892
2000,2087,Pete,Mickeal,Pete Mickeal,SG-SF,77.0,6' 5'',,,222,81.5,6' 9.5'',103.5,8' 7.5'',,,,28.0,34.5,10.83,,3.06,8.0,2000,,,,,,,,,,,,,,,,,,,,,,,,4.5,1.3442
2000,12145,Brian,Montonati,Brian Montonati,PF,80.75,6' 8.75'',,,215,82.5,6' 10.5'',106.0,8' 10'',,,,25.0,29.0,11.85,,3.53,5.0,2000,,,,,,,,,,,,,,,,,,,,,,,,1.75,1.3127
2000,2508,Gabe,Muoneke,Gabe Muoneke,PF-SF,78.25,6' 6.25'',,,244,84.5,7' 0.5'',105.0,8' 9'',,,,30.5,34.0,11.0,,3.4,22.0,2000,,,,,,,,,,,,,,,,,,,,,,,,6.25,1.3419
2000,12146,Ndongo,N'diaye,Ndongo N'diaye,C,83.5,6' 11.5'',,,208,87.5,7' 3.5'',112.5,9' 4.5'',,,,24.5,27.5,13.16,,3.69,4.0,2000,,,,,,,,,,,,,,,,,,,,,,,,4.0,1.3473
2000,2059,Eduardo,Najera,Eduardo Najera,PF-SF,78.5,6' 6.5'',,,234.5,83.5,6' 11.5'',104.5,8' 8.5'',,,,28.0,35.0,11.38,,3.45,15.0,2000,,,,,,,,,,,,,,,,,,,,,,,,5.0,1.3312
2000,12147,Matthew,Nielsen,Matthew Nielsen,PF,81.0,6' 9'',,,223,82.5,6' 10.5'',106.0,8' 10'',,,,26.0,29.0,11.28,,3.35,3.0,2000,,,,,,,,,,,,,,,,,,,,,,,,1.5,1.3086
2000,2084,Chris,Porter,Chris Porter,SF-PF,77.5,6' 5.5'',,,214,81.5,6' 9.5'',103.5,8' 7.5'',,,,28.5,35.0,10.93,,3.2,6.0,2000,,,,,,,,,,,,,,,,,,,,,,,,4.0,1.3355
2000,2068,Lavor,Postell,Lavor Postell,SG,76.5,6' 4.5'',,,205,80.5,6' 8.5'',101.5,8' 5.5'',,,,33.5,36.5,11.79,,3.3,17.0,2000,,,,,,,,,,,,,,,,,,,,,,,,4.0,1.3268
2000,2080,Igor,Rakocevic,Igor Rakocevic,PG,74.5,6' 2.5'',,,184,77.25,6' 5.25'',100.0,8' 4'',,,,27.5,34.0,10.4,,3.1,9.0,2000,,,,,,,,,,,,,,,,,,,,,,,,2.75,1.3423
2000,12148,Reed,Rawlings,Reed Rawlings,SG-SF,78.25,6' 6.25'',,,218,81.25,6' 9.25'',104.0,8' 8'',,,,28.5,33.5,11.1,,3.27,13.0,2000,,,,,,,,,,,,,,,,,,,,,,,,3.0,1.3291
2000,2072,Michael,Redd,Michael Redd,SG-SF,76.75,6' 4.75'',,,214,81.0,6' 9'',102.0,8' 6'',,,,27.0,31.0,12.06,,3.34,12.0,2000,,,,,,,,,,,,,,,,,,,,,,,,4.25,1.329
2000,12149,Damon,Reed,Damon Reed,PF-C,80.5,6' 8.5'',,,228,81.5,6' 9.5'',104.5,8' 8.5'',,,,27.5,31.5,11.21,,3.31,4.0,2000,,,,,,,,,,,,,,,,,,,,,,,,1.0,1.2981
2000,12021,Aubrey,Reese,Aubrey Reese,PG,70.75,5' 10.75'',,,189,77.5,6' 5.5'',94.5,7' 10.5'',,,,31.5,37.5,11.13,,3.25,14.0,2000,,,,,,,,,,,,,,,,,,,,,,,,6.75,1.3357
2000,2121,Terrance,Roberson,Terrance Roberson,SF,77.5,6' 5.5'',,,209,80.0,6' 8'',103.5,8' 7.5'',,,,29.0,32.5,11.66,,,11.0,2000,,,,,,,,,,,,,,,,,,,,,,,,2.5,1.3355
2000,12022,Julius Doc,Robinson,Julius Doc Robinson,PG,72.0,6' 0'',,,184,75.75,6' 3.75'',95.5,7' 11.5'',,,,30.0,37.5,12.54,,3.41,0.0,2000,,,,,,,,,,,,,,,,,,,,,,,,3.75,1.3264
2000,12023,Pepe,Sanchez,Pepe Sanchez,PG,75.0,6' 3'',,,194,75.5,6' 3.5'',96.0,8' 0'',,,,26.0,31.0,11.62,,3.44,8.0,2000,,,,,,,,,,,,,,,,,,,,,,,,0.5,1.28
2000,12024,Matt,Santangelo,Matt Santangelo,PG,72.0,6' 0'',,,177,75.0,6' 3'',94.0,7' 10'',,,,33.5,43.0,10.66,,3.06,12.0,2000,,,,,,,,,,,,,,,,,,,,,,,,3.0,1.3056
2000,2637,Alex,Scales,Alex Scales,SG-PG,74.25,6' 2.25'',,,184.5,81.0,6' 9'',97.5,8' 1.5'',,,,38.5,42.5,10.98,,3.21,10.0,2000,,,,,,,,,,,,,,,,,,,,,,,,6.75,1.3131
2000,12025,Karim,Shabazz,Karim Shabazz,C,83.5,6' 11.5'',,,224,87.0,7' 3'',111.5,9' 3.5'',,,,24.5,28.0,12.72,,3.36,2.0,2000,,,,,,,,,,,,,,,,,,,,,,,,3.5,1.3353
2000,12026,Nick,Sheppard,Nick Sheppard,PF-C,81.5,6' 9.5'',,,273,83.0,6' 11'',107.5,8' 11.5'',,,,23.5,25.5,12.14,,3.52,18.0,2000,,,,,,,,,,,,,,,,,,,,,,,,1.5,1.319
2000,2065,Mike,Smith,Mike Smith,SF,78.5,6' 6.5'',,,198,80.5,6' 8.5'',103.0,8' 7'',,,,33.0,21.0,11.32,,3.22,12.0,2000,,,,,,,,,,,,,,,,,,,,,,,,2.0,1.3121
2000,2074,Jabari,Smith,Jabari Smith,PF-C,81.75,6' 9.75'',,,240.5,86.5,7' 2.5'',109.5,9' 1.5'',,,,24.5,30.0,12.45,,3.43,15.0,2000,,,,,,,,,,,,,,,,,,,,,,,,4.75,1.3394
2000,12027,Jarrett,Stephens,Jarrett Stephens,PF,77.25,6' 5.25'',,,258,81.25,6' 9.25'',103.0,8' 7'',,,,27.0,29.0,11.98,,3.46,13.0,2000,,,,,,,,,,,,,,,,,,,,,,,,4.0,1.3333
2000,12028,Bootsy,Thornton,Bootsy Thornton,SG,75.5,6' 3.5'',,,194.5,78.5,6' 6.5'',101.5,8' 5.5'',,,,26.5,31.0,12.08,,3.33,7.0,2000,,,,,,,,,,,,,,,,,,,,,,,,3.0,1.3444
2000,12029,Jaquay,Walls,Jaquay Walls,PG,73.25,6' 1.25'',,,165.5,74.5,6' 2.5'',96.5,8' 0.5'',,,,28.5,35.5,10.75,,3.23,0.0,2000,,,,,,,,,,,,,,,,,,,,,,,,1.25,1.3174
2000,12030,Jameel,Watkins,Jameel Watkins,PF-C,81.5,6' 9.5'',,,244.5,90.0,7' 6'',110.0,9' 2'',,,,28.0,30.5,12.38,,3.45,11.0,2000,,,,,,,,,,,,,,,,,,,,,,,,8.5,1.3497
2002,2403,Nene, ,Nene  ,PF,81.25,6' 9.25'',,,253,88.5,7' 4.5'',109.0,9' 1'',,,,30.0,34.0,10.73,,3.19,16.0,2002,,,,,,,,,,,,,,,,,,,,,,,,7.25,1.3415
2002,2425,Robert,Archibald,Robert Archibald,PF-C,82.0,6' 10'',,,250,83.75,6' 11.75'',109.5,9' 1.5'',,,,24.0,27.5,11.34,,3.33,10.0,2002,,,,,,,,,,,,,,,,,,,,,,,,1.75,1.3354
2002,2486,Maurice,Baker,Maurice Baker,PG,71.75,5' 11.75'',,,178,76.0,6' 4'',96.0,8' 0'',,,,29.5,33.0,12.19,,3.29,2.0,2002,,,,,,,,,,,,,,,,,,,,,,,,4.25,1.338
2002,2440,Matt,Barnes,Matt Barnes,SF,78.75,6' 6.75'',,,226,81.0,6' 9'',96.5,8' 0.5'',,,,35.5,40.5,10.68,,3.28,11.0,2002,,,,,,,,,,,,,,,,,,,,,,,,2.25,1.2254
2002,12286,Lubos,Barton,Lubos Barton,SF-SG,78.5,6' 6.5'',,,221,84.0,7' 0'',107.0,8' 11'',,,,25.5,31.5,11.2,,3.31,14.0,2002,,,,,,,,,,,,,,,,,,,,,,,,5.5,1.3631
2002,2437,Lonny,Baxter,Lonny Baxter,PF-C,78.25,6' 6.25'',,,264,85.5,7' 1.5'',107.5,8' 11.5'',,,,28.0,32.5,11.77,,3.21,14.0,2002,,,,,,,,,,,,,,,,,,,,,,,,7.25,1.3738
2002,12287,Lee,Benson,Lee Benson,SF-PF,80.25,6' 8.25'',,,217,85.75,7' 1.75'',109.0,9' 1'',,,,27.5,32.5,11.44,,3.29,14.0,2002,,,,,,,,,,,,,,,,,,,,,,,,5.5,1.3583
2002,2430,Carlos,Boozer,Carlos Boozer,PF,79.75,6' 7.75'',,,258,86.25,7' 2.25'',108.5,9' 0.5'',,,,26.5,28.5,10.77,,3.31,13.0,2002,,,,,,,,,,,,,,,,,,,,,,,,6.5,1.3605
2002,2414,Curtis,Borchardt,Curtis Borchardt,C,82.75,6' 10.75'',,,238,86.5,7' 2.5'',112.0,9' 4'',,,,24.0,27.0,12.56,,3.63,7.0,2002,,,,,,,,,,,,,,,,,,,,,,,,3.75,1.3535
2002,2452,J.R.,Bremer,J.R. Bremer,SG-PG,73.25,6' 1.25'',,,188,74.25,6' 2.25'',96.0,8' 0'',,,,30.0,35.5,10.93,,3.1,24.0,2002,,,,,,,,,,,,,,,,,,,,,,,,1.0,1.3106
2002,12288,Brian,Brown,Brian Brown,PG-SG,74.5,6' 2.5'',,,194,79.0,6' 7'',99.0,8' 3'',,,,26.0,33.0,11.43,,3.29,8.0,2002,,,,,,,,,,,,,,,,,,,,,,,,4.5,1.3289
2002,12289,Sylvere,Bryan,Sylvere Bryan,PF,81.0,6' 9'',,,226,88.5,7' 4.5'',109.5,9' 1.5'',,,,28.5,29.5,12.03,,3.2,13.0,2002,,,,,,,,,,,,,,,,,,,,,,,,7.5,1.3519
2002,12290,Chris,Burgess,Chris Burgess,C,82.0,6' 10'',,,246,83.5,6' 11.5'',109.0,9' 1'',,,,24.5,31.0,11.58,,3.37,24.0,2002,,,,,,,,,,,,,,,,,,,,,,,,1.5,1.3293
2002,2406,Caron,Butler,Caron Butler,SF-SG,77.25,6' 5.25'',,,222,83.5,6' 11.5'',103.5,8' 7.5'',,,,27.0,31.0,12.15,,3.33,2.0,2002,,,,,,,,,,,,,,,,,,,,,,,,6.25,1.3398
2002,2446,Rasual,Butler,Rasual Butler,SF,78.75,6' 6.75'',,,198,84.0,7' 0'',105.5,8' 9.5'',,,,31.5,37.5,11.54,,3.29,10.0,2002,,,,,,,,,,,,,,,,,,,,,,,,5.25,1.3397
2002,12291,Mire,Chatman,Mire Chatman,PG-SG,72.0,6' 0'',,,174,78.0,6' 6'',98.0,8' 2'',,,,29.0,33.0,11.12,,3.18,1.0,2002,,,,,,,,,,,,,,,,,,,,,,,,6.0,1.3611
2002,12042,Chris,Christoffersen,Chris Christoffersen,C,84.75,7' 0.75'',,,291,87.5,7' 3.5'',109.0,9' 1'',,,,28.0,31.0,12.55,,3.39,13.0,2002,,,,,,,,,,,,,,,,,,,,,,,,2.75,1.2861
2002,12043,Lenny,Cooke,Lenny Cooke,SG-SF,77.5,6' 5.5'',,,214,85.0,7' 1'',107.0,8' 11'',,,,,,,,,0.0,2002,,,,,,,,,,,,,,,,,,,,,,,,7.5,1.3806
2002,12044,Craig,Dawson,Craig Dawson,SG-SF,75.5,6' 3.5'',,,200,78.25,6' 6.25'',102.0,8' 6'',,,,26.0,30.0,12.06,,3.25,0.0,2002,,,,,,,,,,,,,,,,,,,,,,,,2.75,1.351
2002,2399,Mike,Dunleavy,Mike Dunleavy,SF,80.0,6' 8'',,,230,81.0,6' 9'',106.0,8' 10'',,,,24.5,29.0,11.55,,3.3,11.0,2002,,,,,,,,,,,,,,,,,,,,,,,,1.0,1.325
2002,12045,Teddy,Dupay,Teddy Dupay,PG,69.5,5' 9.5'',,,178,70.75,5' 10.75'',90.5,7' 6.5'',,,,28.0,33.0,10.53,,3.19,16.0,2002,,,,,,,,,,,,,,,,,,,,,,,,1.25,1.3022
2002,2451,Corsley,Edwards,Corsley Edwards,PF,79.25,6' 7.25'',,,285,82.75,6' 10.75'',106.5,8' 10.5'',,,,28.5,33.0,12.18,,3.31,12.0,2002,,,,,,,,,,,,,,,,,,,,,,,,3.5,1.3438
2002,12046,Andy,Ellis,Andy Ellis,PF,81.25,6' 9.25'',,,220,82.25,6' 10.25'',102.0,8' 6'',,,,32.0,35.5,11.69,,3.34,6.0,2002,,,,,,,,,,,,,,,,,,,,,,,,1.0,1.2554
2002,2408,Melvin,Ely,Melvin Ely,PF,81.0,6' 9'',,,240,88.0,7' 4'',111.0,9' 3'',,,,26.0,29.0,11.96,,3.35,7.0,2002,,,,,,,,,,,,,,,,,,,,,,,,7.0,1.3704
2002,2501,Reggie,Evans,Reggie Evans,PF,79.5,6' 7.5'',,,250,86.5,7' 2.5'',107.5,8' 11.5'',,,,26.0,29.5,12.73,,3.26,15.0,2002,,,,,,,,,,,,,,,,,,,,,,,,7.0,1.3522
2002,12047,Peter,Fehse,Peter Fehse,PF-C,82.0,6' 10'',,,220,84.5,7' 0.5'',109.0,9' 1'',,,,,,,,,,2002,,,,,,,,,,,,,,,,,,,,,,,,2.5,1.3293
2002,2400,Drew,Gooden,Drew Gooden,PF,80.75,6' 8.75'',,,227,84.5,7' 0.5'',106.5,8' 10.5'',,,,29.0,33.0,11.81,,3.19,13.0,2002,,,,,,,,,,,,,,,,,,,,,,,,3.75,1.3189
2002,12066,David,Graves,David Graves,SG,76.5,6' 4.5'',,,212,79.0,6' 7'',101.0,8' 5'',,,,26.0,29.5,11.2,,3.27,8.0,2002,,,,,,,,,,,,,,,,,,,,,,,,2.5,1.3203
2002,2696,Lynn,Greer,Lynn Greer,PG,72.25,6' 0.25'',,,170,73.0,6' 1'',94.5,7' 10.5'',,,,29.5,36.5,11.24,,3.16,12.0,2002,,,,,,,,,,,,,,,,,,,,,,,,0.75,1.308
2002,12067,Rod,Grizzard,Rod Grizzard,SF-SG,78.0,6' 6'',,,193,84.0,7' 0'',107.0,8' 11'',,,,,,,,,6.0,2002,,,,,,,,,,,,,,,,,,,,,,,,6.0,1.3718
2002,101219,Anthony,Grundy,Anthony Grundy,PG-SG,72.75,6' 0.75'',,,167,79.75,6' 7.75'',99.0,8' 3'',,,,27.5,32.0,11.1,,3.39,0.0,2002,,,,,,,,,,,,,,,,,,,,,,,,7.0,1.3608
2002,2409,Marcus,Haislip,Marcus Haislip,PF,80.5,6' 8.5'',,,221,84.0,7' 0'',107.0,8' 11'',,,,33.5,36.5,11.35,,3.21,8.0,2002,,,,,,,,,,,,,,,,,,,,,,,,3.5,1.3292
2002,12068,Damon,Hancock,Damon Hancock,SG-PG,74.75,6' 2.75'',,,203,78.0,6' 6'',99.5,8' 3.5'',,,,32.0,35.0,11.62,,3.03,15.0,2002,,,,,,,,,,,,,,,,,,,,,,,,3.25,1.3311
2002,12069,Greg,Harrington,Greg Harrington,PG,73.0,6' 1'',,,183,75.75,6' 3.75'',97.0,8' 1'',,,,28.5,34.0,12.06,,3.32,15.0,2002,,,,,,,,,,,,,,,,,,,,,,,,2.75,1.3288
2002,2617,Udonis,Haslem,Udonis Haslem,PF,79.75,6' 7.75'',,,250,83.0,6' 11'',107.0,8' 11'',,,,28.5,33.5,11.8,,3.31,22.0,2002,,,,,,,,,,,,,,,,,,,,,,,,3.25,1.3417
2002,12070,Cordell,Henry,Cordell Henry,PG,68.0,5' 8'',,,155,73.0,6' 1'',92.0,7' 8'',,,,33.0,37.5,11.3,,3.04,1.0,2002,,,,,,,,,,,,,,,,,,,,,,,,5.0,1.3529
2002,2450,Randy,Holcomb,Randy Holcomb,SF-PF,79.0,6' 7'',,,225,85.0,7' 1'',105.0,8' 9'',,,,29.5,35.5,12.85,,3.22,15.0,2002,,,,,,,,,,,,,,,,,,,,,,,,6.0,1.3291
2002,2415,Ryan,Humphrey,Ryan Humphrey,PF-SF,78.0,6' 6'',,,223,84.0,7' 0'',104.5,8' 8.5'',,,,31.5,37.5,11.75,,3.2,13.0,2002,,,,,,,,,,,,,,,,,,,,,,,,6.0,1.3397
2002,2407,Jared,Jeffries,Jared Jeffries,PF,82.0,6' 10'',,,230,84.5,7' 0.5'',109.0,9' 1'',,,,26.0,30.0,11.73,,3.4,9.0,2002,,,,,,,,,,,,,,,,,,,,,,,,2.5,1.3293
2002,12049,Jason,Jennings,Jason Jennings,C,83.25,6' 11.25'',,,249,91.0,7' 7'',111.0,9' 3'',,,,29.0,32.0,11.92,,3.62,8.0,2002,,,,,,,,,,,,,,,,,,,,,,,,7.75,1.3333
2002,2410,Fred,Jones,Fred Jones,SG,74.25,6' 2.25'',,,218,84.0,7' 0'',100.0,8' 4'',,,,33.5,37.5,11.12,,3.13,,2002,,,,,,,,,,,,,,,,,,,,,,,,9.75,1.3468
2002,2495,Lonnie,Jones,Lonnie Jones,C-PF,82.25,6' 10.25'',,,230,86.25,7' 2.25'',112.0,9' 4'',,,,30.5,31.5,11.8,,3.33,15.0,2002,,,,,,,,,,,,,,,,,,,,,,,,4.0,1.3617
2002,2435,Mario,Kasun,Mario Kasun,C,83.75,6' 11.75'',,,260,83.5,6' 11.5'',109.0,9' 1'',,,,,,,,,12.0,2002,,,,,,,,,,,,,,,,,,,,,,,,-0.25,1.3015
2002,12050,Sean,Kennedy,Sean Kennedy,PG,72.75,6' 0.75'',,,182,74.5,6' 2.5'',96.0,8' 0'',,,,22.5,26.5,11.64,,3.28,0.0,2002,,,,,,,,,,,,,,,,,,,,,,,,1.75,1.3196
2002,12051,Kris,Lang,Kris Lang,C-PF,81.25,6' 9.25'',,,242,83.75,6' 11.75'',109.0,9' 1'',,,,28.0,29.0,11.36,,3.24,19.0,2002,,,,,,,,,,,,,,,,,,,,,,,,2.5,1.3415
2002,12052,Muhammed,Lasege,Muhammed Lasege,C-PF,80.75,6' 8.75'',,,228,86.0,7' 2'',108.5,9' 0.5'',,,,27.5,30.0,12.96,,3.29,18.0,2002,,,,,,,,,,,,,,,,,,,,,,,,5.25,1.3437
2002,12053,Steve,Logan,Steve Logan,PG,70.0,5' 10'',,,207,71.75,5' 11.75'',92.5,7' 8.5'',,,,,,,,,11.0,2002,,,,,,,,,,,,,,,,,,,,,,,,1.75,1.3214
2002,2677,Kevin,Lyde,Kevin Lyde,C-PF,80.75,6' 8.75'',,,278,86.0,7' 2'',109.5,9' 1.5'',,,,27.5,30.5,12.97,,3.36,13.0,2002,,,,,,,,,,,,,,,,,,,,,,,,5.25,1.356
2002,2432,Tito,Maddox,Tito Maddox,PG,75.0,6' 3'',,,200,77.0,6' 5'',99.0,8' 3'',,,,27.0,32.5,12.2,,3.24,0.0,2002,,,,,,,,,,,,,,,,,,,,,,,,2.0,1.32
2002,12054,Kei,Madison,Kei Madison,SF,79.75,6' 7.75'',,,216,84.5,7' 0.5'',107.0,8' 11'',,,,27.5,34.5,11.74,,3.22,6.0,2002,,,,,,,,,,,,,,,,,,,,,,,,4.75,1.3417
2002,-1,Chris,Massie,Chris Massie,PF,78.25,6' 6.25'',,,248,84.0,7' 0'',107.0,8' 11'',,,,,,,,,,2002,,,,,,,,,,,,,,,,,,,,,,,,5.75,1.3674
2002,12055,Immanuel,McElroy,Immanuel McElroy,SG,74.25,6' 2.25'',,,191,78.5,6' 6.5'',100.0,8' 4'',,,,,,,,,9.0,2002,,,,,,,,,,,,,,,,,,,,,,,,4.25,1.3468
2002,12056,Aaron,McGhee,Aaron McGhee,PF-SF,79.0,6' 7'',,,255,82.0,6' 10'',105.5,8' 9.5'',,,,26.0,28.5,12.24,,,,2002,,,,,,,,,,,,,,,,,,,,,,,,3.0,1.3354
2002,12057,Elvin,Mims,Elvin Mims,SF-SG,76.25,6' 4.25'',,,211,85.5,7' 1.5'',105.5,8' 9.5'',,,,32.0,38.0,11.17,,3.22,7.0,2002,,,,,,,,,,,,,,,,,,,,,,,,9.25,1.3836
2002,12058,Byron,Mouton,Byron Mouton,SG-SF,76.5,6' 4.5'',,,213,82.25,6' 10.25'',102.0,8' 6'',,,,24.0,30.0,11.84,,3.1,7.0,2002,,,,,,,,,,,,,,,,,,,,,,,,5.75,1.3333
2002,2436,Ronald,Murray,Ronald Murray,SG,75.0,6' 3'',,,197,79.5,6' 7.5'',100.5,8' 4.5'',,,,31.0,36.5,11.13,,3.16,9.0,2002,,,,,,,,,,,,,,,,,,,,,,,,4.5,1.34
2002,12059,Uche,Okafor,Uche Okafor,PF-C,81.0,6' 9'',,,229,89.5,7' 5.5'',112.0,9' 4'',,,,24.5,25.0,14.45,,3.34,10.0,2002,,,,,,,,,,,,,,,,,,,,,,,,8.5,1.3827
2002,2442,Chris,Owens,Chris Owens,PF-SF,79.0,6' 7'',,,237,83.5,6' 11.5'',104.0,8' 8'',,,,,,,,,10.0,2002,,,,,,,,,,,,,,,,,,,,,,,,4.5,1.3165
2002,2457,Jannero,Pargo,Jannero Pargo,PG,72.25,6' 0.25'',,,168,74.5,6' 2.5'',96.0,8' 0'',,,,25.5,29.5,11.11,,3.2,5.0,2002,,,,,,,,,,,,,,,,,,,,,,,,2.25,1.3287
2002,2470,Smush,Parker,Smush Parker,PG-SG,74.5,6' 2.5'',,,179,82.0,6' 10'',107.5,8' 11.5'',,,,21.0,28.5,12.3,,3.26,1.0,2002,,,,,,,,,,,,,,,,,,,,,,,,7.5,1.443
2002,2458,Luke,Recker,Luke Recker,SG-SF,76.75,6' 4.75'',,,198,79.0,6' 7'',101.0,8' 5'',,,,25.5,31.0,10.78,,3.27,13.0,2002,,,,,,,,,,,,,,,,,,,,,,,,2.25,1.316
2002,12061,Rolan,Roberts,Rolan Roberts,PF,77.75,6' 5.75'',,,241,85.0,7' 1'',105.5,8' 9.5'',,,,32.5,37.5,11.36,,3.33,16.0,2002,,,,,,,,,,,,,,,,,,,,,,,,7.25,1.3569
2002,12062,Travis,Robinson,Travis Robinson,SF,77.25,6' 5.25'',,,211,82.5,6' 10.5'',104.5,8' 8.5'',,,,26.0,33.0,11.96,,3.43,3.0,2002,,,,,,,,,,,,,,,,,,,,,,,,5.25,1.3528
2002,2416,Kareem,Rush,Kareem Rush,SG-SF,76.75,6' 4.75'',,,199,81.75,6' 9.75'',103.5,8' 7.5'',,,,26.0,30.0,11.86,,3.22,15.0,2002,,,,,,,,,,,,,,,,,,,,,,,,5.0,1.3485
2002,12063,Brooks,Sales,Brooks Sales,PF-C,81.0,6' 9'',,,232,82.0,6' 10'',108.0,9' 0'',,,,26.0,29.5,11.05,,3.29,13.0,2002,,,,,,,,,,,,,,,,,,,,,,,,1.0,1.3333
2002,2422,John,Salmons,John Salmons,SF-SG,77.5,6' 5.5'',,,207,82.25,6' 10.25'',104.0,8' 8'',,,,30.5,34.5,11.35,,3.25,12.0,2002,,,,,,,,,,,,,,,,,,,,,,,,4.75,1.3419
2002,2453,Predrag,Savovic,Predrag Savovic,SG,76.75,6' 4.75'',,,212,79.0,6' 7'',102.0,8' 6'',,,,22.5,28.5,10.94,,3.38,13.0,2002,,,,,,,,,,,,,,,,,,,,,,,,2.25,1.329
2002,201324,Julian,Sensley,Julian Sensley,PF-SF,79.0,6' 7'',,,228,83.5,6' 11.5'',105.5,8' 9.5'',,,,27.5,31.5,11.85,,3.32,8.0,2002,,,,,,,,,,,,,,,,,,,,,,,,4.5,1.3354
2002,12064,Israel,Sheinfeld,Israel Sheinfeld,PF-C,80.25,6' 8.25'',,,239,81.75,6' 9.75'',106.5,8' 10.5'',,,,,,,,,8.0,2002,,,,,,,,,,,,,,,,,,,,,,,,1.5,1.3271
2002,12065,Preston,Shumpert,Preston Shumpert,SF,78.0,6' 6'',,,197,80.5,6' 8.5'',103.5,8' 7.5'',,,,28.5,29.0,11.03,,3.24,9.0,2002,,,,,,,,,,,,,,,,,,,,,,,,2.5,1.3269
2002,2447,Tamar,Slay,Tamar Slay,SF,78.75,6' 6.75'',,,203,83.5,6' 11.5'',104.0,8' 8'',,,,32.5,38.0,10.94,,3.09,11.0,2002,,,,,,,,,,,,,,,,,,,,,,,,4.75,1.3206
2002,2443,Darius,Songaila,Darius Songaila,PF,80.0,6' 8'',,,240,85.0,7' 1'',108.5,9' 0.5'',,,,24.5,29.5,11.69,,3.52,8.0,2002,,,,,,,,,,,,,,,,,,,,,,,,5.0,1.3562
2002,2405,Amar'e,Stoudemire,Amar'e Stoudemire,PF,80.5,6' 8.5'',,,233,85.75,7' 1.75'',108.5,9' 0.5'',,,,32.0,35.5,11.19,,3.25,12.0,2002,,,,,,,,,,,,,,,,,,,,,,,,5.25,1.3478
2002,2445,Marcus,Taylor,Marcus Taylor,PG,73.0,6' 1'',,,181,76.5,6' 4.5'',98.5,8' 2.5'',,,,27.5,33.5,11.25,,3.31,4.0,2002,,,,,,,,,,,,,,,,,,,,,,,,3.5,1.3493
2002,12297,Jobey,Thomas,Jobey Thomas,SG,74.75,6' 2.75'',,,183,77.75,6' 5.75'',99.5,8' 3.5'',,,,26.0,32.0,11.46,,3.3,13.0,2002,,,,,,,,,,,,,,,,,,,,,,,,3.0,1.3311
2002,2402,Dajuan,Wagner,Dajuan Wagner,PG-SG,72.75,6' 0.75'',,,193,74.0,6' 2'',99.0,8' 3'',,,,28.0,35.0,12.03,,3.22,16.0,2002,,,,,,,,,,,,,,,,,,,,,,,,1.25,1.3608
2002,2404,Chris,Wilcox,Chris Wilcox,PF-C,80.25,6' 8.25'',,,218,85.0,7' 1'',107.5,8' 11.5'',,,,31.0,34.5,11.43,,3.16,20.0,2002,,,,,,,,,,,,,,,,,,,,,,,,4.75,1.3396
2002,2398,Jay,Williams,Jay Williams,PG,72.25,6' 0.25'',,,197,75.5,6' 3.5'',97.0,8' 1'',,,,28.5,36.0,10.34,,3.09,10.0,2002,,,,,,,,,,,,,,,,,,,,,,,,3.25,1.3426
2002,2421,Frank,Williams,Frank Williams,PG,73.5,6' 1.5'',,,212,80.0,6' 8'',100.5,8' 4.5'',,,,26.0,31.0,11.73,,3.29,,2002,,,,,,,,,,,,,,,,,,,,,,,,6.5,1.3673
2002,2465,George,Williams,George Williams,PF-SF,77.75,6' 5.75'',,,214,84.5,7' 0.5'',103.0,8' 7'',,,,33.5,39.0,11.21,,3.24,11.0,2002,,,,,,,,,,,,,,,,,,,,,,,,6.75,1.3248
2002,2417,Qyntel,Woods,Qyntel Woods,SF-SG,79.0,6' 7'',,,213,82.0,6' 10'',105.0,8' 9'',,,,33.5,34.5,11.94,,3.23,2.0,2002,,,,,,,,,,,,,,,,,,,,,,,,3.0,1.3291
2002,2428,Vincent,Yarbrough,Vincent Yarbrough,SF,77.5,6' 5.5'',,,202,84.5,7' 0.5'',104.5,8' 8.5'',,,,30.0,34.0,11.7,,3.32,10.0,2002,,,,,,,,,,,,,,,,,,,,,,,,7.0,1.3484
2008,201570,Joe,Alexander,Joe Alexander,SF-PF,79.25,6' 7.25'',80.25,6' 8.25'',220,83.5,6' 11.5'',106.0,8' 10'',5.8,,,32.5,38.5,11.33,,2.99,24.0,2008,,,,,,,,,,,,,,,,,,,,,,,,4.25,1.3375
2008,201589,Darrell,Arthur,Darrell Arthur,PF,79.5,6' 7.5'',80.5,6' 8.5'',216,82.75,6' 10.75'',107.0,8' 11'',7.3,,,28.5,30.0,12.18,,3.14,12.0,2008,,,,,,,,,,,,,,,,,,,,,,,,3.25,1.3459
2008,201571,D.J.,Augustin,D.J. Augustin,PG,70.0,5' 10'',71.5,5' 11.5'',171.5,75.5,6' 3.5'',94.5,7' 10.5'',8.1,,,28.5,35.0,11.27,,3.07,2.0,2008,,,,,,,,,,,,,,,,,,,,,,,,5.5,1.35
2008,201573,Jerryd,Bayless,Jerryd Bayless,PG-SG,73.75,6' 1.75'',75.0,6' 3'',204,75.5,6' 3.5'',97.0,8' 1'',4.7,,,31.0,38.0,11.26,,3.07,10.0,2008,,,,,,,,,,,,,,,,,,,,,,,,1.75,1.3153
2008,201563,Michael,Beasley,Michael Beasley,PF-SF,79.0,6' 7'',80.25,6' 8.25'',239,84.25,7' 0.25'',107.0,8' 11'',7.7,,,30.0,35.0,11.06,,3.24,19.0,2008,,,,,,,,,,,,,,,,,,,,,,,,5.25,1.3544
2008,12239,Ramel,Bradley,Ramel Bradley,PG-SG,73.25,6' 1.25'',74.25,6' 2.25'',184,77.0,6' 5'',98.0,8' 2'',5.7,,,24.5,29.5,10.68,,3.24,9.0,2008,,,,,,,,,,,,,,,,,,,,,,,,3.75,1.3379
2008,12240,Tyrone,Brazelton,Tyrone Brazelton,PG,70.0,5' 10'',71.0,5' 11'',166,73.75,6' 1.75'',94.0,7' 10'',8.1,,,30.0,34.0,11.59,,3.25,8.0,2008,,,,,,,,,,,,,,,,,,,,,,,,3.75,1.3429
2008,12241,Takais,Brown,Takais Brown,PF,79.25,6' 7.25'',80.5,6' 8.5'',252,82.0,6' 10'',106.0,8' 10'',9.2,,,29.0,31.0,12.47,,3.25,22.0,2008,,,,,,,,,,,,,,,,,,,,,,,,2.75,1.3375
2008,201812,Keith,Brumbaugh,Keith Brumbaugh,SF-PF,79.5,6' 7.5'',80.75,6' 8.75'',190,79.25,6' 7.25'',104.5,8' 8.5'',4.0,,,26.0,27.0,11.65,,3.28,2.0,2008,,,,,,,,,,,,,,,,,,,,,,,,-0.25,1.3145
2008,201868,Stanley,Burrell,Stanley Burrell,PG,73.5,6' 1.5'',74.5,6' 2.5'',201,78.25,6' 6.25'',97.5,8' 1.5'',5.6,,,29.5,34.5,11.19,,3.19,21.0,2008,,,,,,,,,,,,,,,,,,,,,,,,4.75,1.3265
2008,12242,Brian,Butch,Brian Butch,C-PF,81.5,6' 9.5'',83.0,6' 11'',229.6,83.25,6' 11.25'',108.0,9' 0'',10.8,,,24.0,26.5,11.87,,3.52,9.0,2008,,,,,,,,,,,,,,,,,,,,,,,,1.75,1.3252
2008,12243,Jamar,Butler,Jamar Butler,PG,72.25,6' 0.25'',73.5,6' 1.5'',182,76.75,6' 4.75'',97.0,8' 1'',6.0,,,,,,,,15.0,2008,,,,,,,,,,,,,,,,,,,,,,,,4.5,1.3426
2008,12244,Pat,Calathes,Pat Calathes,SF-PF,80.75,6' 8.75'',81.75,6' 9.75'',204,81.75,6' 9.75'',106.0,8' 10'',7.3,,,,,,,,7.0,2008,,,,,,,,,,,,,,,,,,,,,,,,1.0,1.3127
2008,12245,Joe,Crawford,Joe Crawford,SG,75.0,6' 3'',76.0,6' 4'',213,77.75,6' 5.75'',99.5,8' 3.5'',7.6,,,31.0,36.0,11.67,,3.22,13.0,2008,,,,,,,,,,,,,,,,,,,,,,,,2.75,1.3267
2008,12246,Chris,Daniels,Chris Daniels,C-PF,80.25,6' 8.25'',81.5,6' 9.5'',256,84.5,7' 0.5'',109.0,9' 1'',16.1,,,26.0,28.5,12.72,,3.56,11.0,2008,,,,,,,,,,,,,,,,,,,,,,,,4.25,1.3583
2008,201595,Joey,Dorsey,Joey Dorsey,PF-C,78.25,6' 6.25'',79.25,6' 7.25'',265,85.75,7' 1.75'',107.0,8' 11'',9.0,,,27.5,33.0,11.84,,3.2,19.0,2008,,,,,,,,,,,,,,,,,,,,,,,,7.5,1.3674
2008,12247,Marcus,Dove,Marcus Dove,SF-PF,78.75,6' 6.75'',79.5,6' 7.5'',208,83.5,6' 11.5'',105.0,8' 9'',5.3,,,27.5,33.5,11.59,,3.26,10.0,2008,,,,,,,,,,,,,,,,,,,,,,,,4.75,1.3333
2008,12248,Josh,Duncan,Josh Duncan,PF,80.0,6' 8'',81.0,6' 9'',230,83.5,6' 11.5'',104.5,8' 8.5'',5.4,,,28.0,32.0,12.47,,3.26,26.0,2008,,,,,,,,,,,,,,,,,,,,,,,,3.5,1.3062
2008,12249,Frank,Elegar,Frank Elegar,PF,79.25,6' 7.25'',80.75,6' 8.75'',210,87.25,7' 3.25'',106.0,8' 10'',4.5,,,33.5,37.5,11.86,,3.17,11.0,2008,,,,,,,,,,,,,,,,,,,,,,,,8.0,1.3375
2008,201607,Patrick,Ewing Jr.,Patrick Ewing Jr.,SF-PF,78.0,6' 6'',79.25,6' 7.25'',224,84.25,7' 0.25'',97.5,8' 1.5'',9.4,,,35.0,42.0,11.77,,3.43,2.0,2008,,,,,,,,,,,,,,,,,,,,,,,,6.25,1.25
2008,201814,Gary,Forbes,Gary Forbes,SG,76.5,6' 4.5'',77.75,6' 5.75'',220.5,83.25,6' 11.25'',104.5,8' 8.5'',6.5,,,27.5,33.5,11.45,,3.25,13.0,2008,,,,,,,,,,,,,,,,,,,,,,,,6.75,1.366
2008,12250,Shan,Foster,Shan Foster,SG,76.0,6' 4'',77.25,6' 5.25'',194.5,83.5,6' 11.5'',103.5,8' 7.5'',6.3,,,30.0,33.0,12.3,,3.24,10.0,2008,,,,,,,,,,,,,,,,,,,,,,,,7.5,1.3618
2008,201592,J.R.,Giddens,J.R. Giddens,SG,76.0,6' 4'',76.75,6' 4.75'',208,83.25,6' 11.25'',103.0,8' 7'',5.4,,,,,,,,10.0,2008,,,,,,,,,,,,,,,,,,,,,,,,7.25,1.3553
2008,12251,James,Gist,James Gist,PF,79.0,6' 7'',80.5,6' 8.5'',220,88.0,7' 4'',107.5,8' 11.5'',4.8,,,30.5,35.0,11.37,,3.14,5.0,2008,,,,,,,,,,,,,,,,,,,,,,,,9.0,1.3608
2008,12252,Vladimir,Golubovic,Vladimir Golubovic,C,83.25,6' 11.25'',84.25,7' 0.25'',258,86.5,7' 2.5'',111.5,9' 3.5'',6.9,,,21.5,27.0,12.4,,3.33,15.0,2008,,,,,,,,,,,,,,,,,,,,,,,,3.25,1.3393
2008,201569,Eric,Gordon,Eric Gordon,SG,74.0,6' 2'',75.25,6' 3.25'',222,81.0,6' 9'',99.0,8' 3'',8.2,,,32.0,40.0,10.81,,3.01,15.0,2008,,,,,,,,,,,,,,,,,,,,,,,,7.0,1.3378
2008,201863,Kentrell,Gransberry,Kentrell Gransberry,C,78.75,6' 6.75'',79.75,6' 7.75'',290,82.25,6' 10.25'',106.0,8' 10'',17.4,,,24.5,27.5,12.16,,3.32,18.0,2008,,,,,,,,,,,,,,,,,,,,,,,,3.5,1.346
2008,201590,Donte,Greene,Donte Greene,SF-PF,80.25,6' 8.25'',81.0,6' 9'',221,82.0,6' 10'',108.0,9' 0'',7.6,,,27.5,31.5,11.21,,3.2,2.0,2008,,,,,,,,,,,,,,,,,,,,,,,,1.75,1.3458
2008,201612,Malik,Hairston,Malik Hairston,SG,76.25,6' 4.25'',77.25,6' 5.25'',204,81.0,6' 9'',103.5,8' 7.5'',6.9,,,30.5,38.0,11.33,,3.08,13.0,2008,,,,,,,,,,,,,,,,,,,,,,,,4.75,1.3574
2008,201614,DeVon,Hardin,DeVon Hardin,C-PF,81.5,6' 9.5'',82.75,6' 10.75'',235,87.0,7' 3'',109.5,9' 1.5'',5.8,,,29.5,32.0,11.49,,3.33,20.0,2008,,,,,,,,,,,,,,,,,,,,,,,,5.5,1.3436
2008,201613,Richard,Hendrix,Richard Hendrix,PF,78.75,6' 6.75'',80.75,6' 8.75'',250,87.0,7' 3'',108.0,9' 0'',9.2,,,26.5,28.0,10.62,,3.27,13.0,2008,,,,,,,,,,,,,,,,,,,,,,,,8.25,1.3714
2008,201588,George,Hill,George Hill,PG,73.25,6' 1.25'',74.5,6' 2.5'',181,81.0,6' 9'',97.5,8' 1.5'',3.0,,,34.0,37.5,12.2,,3.07,9.0,2008,,,,,,,,,,,,,,,,,,,,,,,,7.75,1.3311
2008,12254,Kyle,Hines,Kyle Hines,SF-PF,75.75,6' 3.75'',77.25,6' 5.25'',234,85.25,7' 1.25'',104.5,8' 8.5'',3.6,,,28.5,33.0,12.17,,3.4,16.0,2008,,,,,,,,,,,,,,,,,,,,,,,,9.5,1.3795
2008,12255,Jiri,Hubalek,Jiri Hubalek,C-PF,81.5,6' 9.5'',83.0,6' 11'',226,82.75,6' 10.75'',109.0,9' 1'',8.8,,,20.5,26.0,12.26,,3.54,2.0,2008,,,,,,,,,,,,,,,,,,,,,,,,1.25,1.3374
2008,201991,Lester,Hudson,Lester Hudson,PG,71.75,5' 11.75'',73.0,6' 1'',196,80.75,6' 8.75'',98.5,8' 2.5'',3.4,,,30.5,36.0,11.15,,3.16,12.0,2008,,,,,,,,,,,,,,,,,,,,,,,,9.0,1.3728
2008,201629,Othello,Hunter,Othello Hunter,PF-SF,78.5,6' 6.5'',79.5,6' 7.5'',220,87.0,7' 3'',109.5,9' 1.5'',6.4,,,28.0,34.5,11.51,,3.18,7.0,2008,,,,,,,,,,,,,,,,,,,,,,,,8.5,1.3949
2008,201616,Darnell,Jackson,Darnell Jackson,PF,79.0,6' 7'',79.75,6' 7.75'',240.5,83.25,6' 11.25'',106.5,8' 10.5'',12.5,,,27.0,31.0,11.75,,3.26,11.0,2008,,,,,,,,,,,,,,,,,,,,,,,,4.25,1.3481
2008,12256,Shawn,James,Shawn James,PF,79.75,6' 7.75'',81.0,6' 9'',217,89.0,7' 5'',111.0,9' 3'',9.2,,,,,,,,6.0,2008,,,,,,,,,,,,,,,,,,,,,,,,9.25,1.3918
2008,12257,Davon,Jefferson,Davon Jefferson,SF,77.25,6' 5.25'',78.5,6' 6.5'',213,81.5,6' 9.5'',105.0,8' 9'',12.0,,,27.0,32.0,12.02,,3.36,2.0,2008,,,,,,,,,,,,,,,,,,,,,,,,4.25,1.3592
2008,12258,Joseph,Jones,Joseph Jones,PF,79.0,6' 7'',80.5,6' 8.5'',240,84.25,7' 0.25'',107.0,8' 11'',12.2,,,25.5,31.0,11.61,,3.33,16.0,2008,,,,,,,,,,,,,,,,,,,,,,,,5.25,1.3544
2008,201599,DeAndre,Jordan,DeAndre Jordan,C,81.75,6' 9.75'',83.0,6' 11'',250,90.0,7' 6'',113.5,9' 5.5'',7.5,,,26.0,30.5,12.3,,3.27,8.0,2008,,,,,,,,,,,,,,,,,,,,,,,,8.25,1.3884
2008,12253,Sasha,Kaun,Sasha Kaun,C-PF,81.0,6' 9'',82.75,6' 10.75'',247,88.0,7' 4'',110.0,9' 2'',9.6,,,29.0,32.0,12.06,,3.2,13.0,2008,,,,,,,,,,,,,,,,,,,,,,,,7.0,1.358
2008,12260,Marcelus,Kemp,Marcelus Kemp,SG,75.0,6' 3'',76.25,6' 4.25'',221,80.5,6' 8.5'',103.5,8' 7.5'',9.0,,,26.0,30.0,11.79,,3.39,9.0,2008,,,,,,,,,,,,,,,,,,,,,,,,5.5,1.38
2008,12261,Maarty,Leunen,Maarty Leunen,SF,79.25,6' 7.25'',80.5,6' 8.5'',222,80.0,6' 8'',102.5,8' 6.5'',8.9,,,29.5,34.5,11.57,,3.36,14.0,2008,,,,,,,,,,,,,,,,,,,,,,,,0.75,1.2934
2008,201848,Longar,Longar,Longar Longar,C,81.0,6' 9'',82.0,6' 10'',212.5,85.25,7' 1.25'',109.5,9' 1.5'',10.6,,,,,,,,14.0,2008,,,,,,,,,,,,,,,,,,,,,,,,4.25,1.3519
2008,201572,Brook,Lopez,Brook Lopez,C,83.25,6' 11.25'',84.5,7' 0.5'',258,89.5,7' 5.5'',113.0,9' 5'',6.3,,,27.5,30.5,12.77,,3.57,7.0,2008,,,,,,,,,,,,,,,,,,,,,,,,6.25,1.3574
2008,201567,Kevin,Love,Kevin Love,PF,79.75,6' 7.75'',81.5,6' 9.5'',255,83.25,6' 11.25'',106.0,8' 10'',12.9,,,29.5,35.0,11.17,,3.22,18.0,2008,,,,,,,,,,,,,,,,,,,,,,,,3.5,1.3292
2008,12262,Aleks,Maric,Aleks Maric,C,81.75,6' 9.75'',82.75,6' 10.75'',273,85.0,7' 1'',109.5,9' 1.5'',10.1,,,23.0,28.0,11.76,,3.35,15.0,2008,,,,,,,,,,,,,,,,,,,,,,,,3.25,1.3394
2008,201564,O.J.,Mayo,O.J. Mayo,SG-PG,75.25,6' 3.25'',76.25,6' 4.25'',200,78.0,6' 6'',99.5,8' 3.5'',6.3,,,30.5,41.0,11.04,,3.14,7.0,2008,,,,,,,,,,,,,,,,,,,,,,,,2.75,1.3223
2008,201651,James,Mays,James Mays,PF,78.75,6' 6.75'',79.75,6' 7.75'',227,85.75,7' 1.75'',105.0,8' 9'',8.8,,,29.5,35.0,11.23,,3.19,13.0,2008,,,,,,,,,,,,,,,,,,,,,,,,7.0,1.3333
2008,201601,Luc,Mbah a Moute,Luc Mbah a Moute,SF,77.75,6' 5.75'',79.5,6' 7.5'',221,86.5,7' 2.5'',103.5,8' 7.5'',7.0,,,32.0,38.5,11.71,,3.17,11.0,2008,,,,,,,,,,,,,,,,,,,,,,,,8.75,1.3312
2008,201580,JaVale,McGee,JaVale McGee,C-PF,83.0,6' 11'',84.0,7' 0'',241,90.0,7' 6'',114.5,9' 6.5'',5.3,,,27.0,32.5,12.75,,3.25,7.0,2008,,,,,,,,,,,,,,,,,,,,,,,,7.0,1.3795
2008,12263,Drew,Neitzel,Drew Neitzel,PG,71.75,5' 11.75'',72.75,6' 0.75'',175.5,74.5,6' 2.5'',95.0,7' 11'',6.2,,,25.5,32.0,11.19,,3.2,10.0,2008,,,,,,,,,,,,,,,,,,,,,,,,2.75,1.324
2008,201634,DeMarcus,Nelson,DeMarcus Nelson,PG-SG,73.0,6' 1'',74.25,6' 2.25'',198,82.0,6' 10'',98.5,8' 2.5'',4.5,,,34.5,38.5,10.54,,3.13,19.0,2008,,,,,,,,,,,,,,,,,,,,,,,,9.0,1.3493
2008,201624,David,Padgett,David Padgett,C-PF,82.25,6' 10.25'',83.5,6' 11.5'',239.5,85.0,7' 1'',109.5,9' 1.5'',9.0,,,24.0,28.0,12.45,,3.45,17.0,2008,,,,,,,,,,,,,,,,,,,,,,,,2.75,1.3313
2008,12264,Jeremy,Pargo,Jeremy Pargo,PG,72.5,6' 0.5'',73.5,6' 1.5'',208,77.0,6' 5'',96.0,8' 0'',7.6,,,32.0,37.0,10.65,,3.07,7.0,2008,,,,,,,,,,,,,,,,,,,,,,,,4.5,1.3241
2008,12265,Trent,Plaisted,Trent Plaisted,PF,81.25,6' 9.25'',82.25,6' 10.25'',240,82.5,6' 10.5'',105.5,8' 9.5'',11.0,,,30.5,35.5,11.32,,3.17,14.0,2008,,,,,,,,,,,,,,,,,,,,,,,,1.25,1.2985
2008,12266,Quan,Prowell,Quan Prowell,SF-PF,78.75,6' 6.75'',79.75,6' 7.75'',225.5,82.5,6' 10.5'',103.5,8' 7.5'',6.5,,,32.0,36.0,11.79,,3.14,16.0,2008,,,,,,,,,,,,,,,,,,,,,,,,3.75,1.3143
2008,12267,Shaun,Pruitt,Shaun Pruitt,C-PF,80.25,6' 8.25'',81.0,6' 9'',242.2,85.0,7' 1'',107.5,8' 11.5'',13.8,,,27.0,32.5,11.3,,3.4,10.0,2008,,,,,,,,,,,,,,,,,,,,,,,,4.75,1.3396
2008,201576,Anthony,Randolph,Anthony Randolph,PF-SF,81.0,6' 9'',82.25,6' 10.25'',197,87.0,7' 3'',109.0,9' 1'',4.7,,,29.0,35.0,11.86,,3.26,7.0,2008,,,,,,,,,,,,,,,,,,,,,,,,6.0,1.3457
2008,12268,Charles,Rhodes,Charles Rhodes,PF,79.25,6' 7.25'',80.25,6' 8.25'',244,83.25,6' 11.25'',107.5,8' 11.5'',10.7,,,26.5,33.5,11.51,,3.13,14.0,2008,,,,,,,,,,,,,,,,,,,,,,,,4.0,1.3565
2008,12259,John,Riek,John Riek,C,82.5,6' 10.5'',84.0,7' 0'',237,92.75,7' 8.75'',,,11.0,,,,,,,,,2008,,,,,,,,,,,,,,,,,,,,,,,,10.25,
2008,12269,Brian,Roberts,Brian Roberts,PG,72.25,6' 0.25'',73.25,6' 1.25'',173,73.25,6' 1.25'',95.0,7' 11'',3.6,,,31.5,36.5,10.65,,3.05,10.0,2008,,,,,,,,,,,,,,,,,,,,,,,,1.0,1.3149
2008,201781,Russell,Robinson,Russell Robinson,PG,72.5,6' 0.5'',73.5,6' 1.5'',196,80.0,6' 8'',100.5,8' 4.5'',7.4,,,25.0,31.5,11.3,,3.15,8.0,2008,,,,,,,,,,,,,,,,,,,,,,,,7.5,1.3862
2008,12270,Richard,Roby,Richard Roby,SG-SF,76.25,6' 4.25'',77.5,6' 5.5'',203,81.75,6' 9.75'',104.0,8' 8'',9.2,,,,,,,,,2008,,,,,,,,,,,,,,,,,,,,,,,,5.5,1.3639
2008,201565,Derrick,Rose,Derrick Rose,PG,73.5,6' 1.5'',74.5,6' 2.5'',196,80.0,6' 8'',98.5,8' 2.5'',4.6,,,34.5,40.0,11.69,,3.05,10.0,2008,,,,,,,,,,,,,,,,,,,,,,,,6.5,1.3401
2008,201606,Sean,Singletary,Sean Singletary,PG,71.0,5' 11'',72.0,6' 0'',183.8,76.5,6' 4.5'',95.0,7' 11'',4.2,,,26.0,,,,,18.0,2008,,,,,,,,,,,,,,,,,,,,,,,,5.5,1.338
2008,12271,Ronald,Steele,Ronald Steele,PG,72.25,6' 0.25'',73.5,6' 1.5'',183.5,76.25,6' 4.25'',97.5,8' 1.5'',8.1,,,25.0,29.5,11.08,,3.26,5.0,2008,,,,,,,,,,,,,,,,,,,,,,,,4.0,1.3495
2008,12272,Bryce,Taylor,Bryce Taylor,SG,74.75,6' 2.75'',76.25,6' 4.25'',210,81.0,6' 9'',99.5,8' 3.5'',8.3,,,34.5,41.0,11.08,,3.19,16.0,2008,,,,,,,,,,,,,,,,,,,,,,,,6.25,1.3311
2008,201446,Mike,Taylor,Mike Taylor,SG-PG,72.75,6' 0.75'',74.0,6' 2'',166.2,79.25,6' 7.25'',98.0,8' 2'',3.8,,,31.0,39.0,10.98,,3.08,2.0,2008,,,,,,,,,,,,,,,,,,,,,,,,6.5,1.3471
2008,201872,Mark,Tyndale,Mark Tyndale,SG-SF,74.75,6' 2.75'',75.5,6' 3.5'',217,83.0,6' 11'',103.5,8' 7.5'',6.7,,,27.0,33.5,12.52,,3.14,5.0,2008,,,,,,,,,,,,,,,,,,,,,,,,8.25,1.3846
2008,12273,Robert,Vaden,Robert Vaden,SG,75.5,6' 3.5'',76.5,6' 4.5'',199,80.0,6' 8'',101.0,8' 5'',6.2,,,26.0,29.5,11.97,,3.4,10.0,2008,,,,,,,,,,,,,,,,,,,,,,,,4.5,1.3377
2008,201622,Deron,Washington,Deron Washington,SF,77.25,6' 5.25'',78.25,6' 6.25'',198.5,81.0,6' 9'',102.5,8' 6.5'',7.2,,,34.0,40.0,11.03,,3.09,7.0,2008,,,,,,,,,,,,,,,,,,,,,,,,3.75,1.3269
2008,201603,Sonny,Weems,Sonny Weems,SG-SF,76.0,6' 4'',77.5,6' 5.5'',193,82.0,6' 10'',104.0,8' 8'',4.4,,,29.0,36.5,10.58,,2.96,12.0,2008,,,,,,,,,,,,,,,,,,,,,,,,6.0,1.3684
2008,201566,Russell,Westbrook,Russell Westbrook,PG,74.25,6' 2.25'',75.5,6' 3.5'',192,79.75,6' 7.75'',100.0,8' 4'',4.8,,,30.0,36.5,10.98,,3.08,12.0,2008,,,,,,,,,,,,,,,,,,,,,,,,5.5,1.3468
2008,199,Reggie,Williams,Reggie Williams,SG,75.25,6' 3.25'',76.0,6' 4'',199,81.25,6' 9.25'',103.0,8' 7'',5.3,,,31.5,36.5,11.32,,3.07,15.0,2008,,,,,,,,,,,,,,,,,,,,,,,,6.0,1.3688
2009,202399,Jeff,Adrien,Jeff Adrien,PF,77.25,6' 5.25'',78.5,6' 6.5'',236.2,86.0,7' 2'',107.5,8' 11.5'',7.9,,,27.5,31.5,11.34,,3.32,16.0,2009,,,,,,,,,,,,,,,,,,,,,,,,8.75,1.3916
2009,201965,Jeff,Ayres,Jeff Ayres,PF,80.75,6' 8.75'',82.0,6' 10'',239.6,85.0,7' 1'',107.0,8' 11'',5.5,,,31.0,35.0,11.98,,3.14,15.0,2009,,,,,,,,,,,,,,,,,,,,,,,,4.25,1.3251
2009,201958,Rodrigue,Beaubois,Rodrigue Beaubois,PG,73.25,6' 1.25'',74.25,6' 2.25'',182.4,81.75,6' 9.75'',100.0,8' 4'',7.9,,,29.5,39.0,10.49,,3.15,3.0,2009,,,,,,,,,,,,,,,,,,,,,,,,8.5,1.3652
2009,201971,DeJuan,Blair,DeJuan Blair,PF,77.25,6' 5.25'',78.5,6' 6.5'',276.6,86.0,7' 2'',106.5,8' 10.5'',12.0,,,26.0,33.0,11.5,,3.45,18.0,2009,,,,,,,,,,,,,,,,,,,,,,,,8.75,1.3786
2009,201974,Derrick,Brown,Derrick Brown,SF-PF,79.5,6' 7.5'',80.5,6' 8.5'',224.6,86.5,7' 2.5'',107.5,8' 11.5'',8.6,,,30.5,35.5,11.26,,3.13,20.0,2009,,,,,,,,,,,,,,,,,,,,,,,,7.0,1.3522
2009,201978,Chase,Budinger,Chase Budinger,SF-SG,78.25,6' 6.25'',79.0,6' 7'',206.4,79.0,6' 7'',101.0,8' 5'',10.0,,,29.5,38.5,11.08,,3.24,10.0,2009,,,,,,,,,,,,,,,,,,,,,,,,0.75,1.2907
2009,201960,DeMarre,Carroll,DeMarre Carroll,PF-SF,78.25,6' 6.25'',79.75,6' 7.75'',207.2,82.0,6' 10'',105.0,8' 9'',6.3,,,,,,,,,2009,,,,,,,,,,,,,,,,,,,,,,,,3.75,1.3419
2009,201956,Omri,Casspi,Omri Casspi,SF,79.75,6' 7.75'',81.25,6' 9.25'',211.2,81.25,6' 9.25'',106.5,8' 10.5'',8.6,,,25.5,32.5,11.15,,3.28,2.0,2009,,,,,,,,,,,,,,,,,,,,,,,,1.5,1.3354
2009,12275,Dionte,Christmas,Dionte Christmas,SG,76.25,6' 4.25'',77.5,6' 5.5'',210.8,81.0,6' 9'',102.5,8' 6.5'',7.1,,,27.0,33.5,10.83,,3.21,3.0,2009,,,,,,,,,,,,,,,,,,,,,,,,4.75,1.3443
2009,201947,Earl,Clark,Earl Clark,SF-PF,80.5,6' 8.5'',82.25,6' 10.25'',228.4,86.5,7' 2.5'',109.5,9' 1.5'',5.2,,,28.5,33.0,11.17,,3.35,5.0,2009,,,,,,,,,,,,,,,,,,,,,,,,6.0,1.3602
2009,201954,Darren,Collison,Darren Collison,PG,72.25,6' 0.25'',73.5,6' 1.5'',166.2,75.0,6' 3'',96.5,8' 0.5'',5.7,,,30.5,33.5,10.45,,3.1,9.0,2009,,,,,,,,,,,,,,,,,,,,,,,,2.75,1.3356
2009,201967,Dante,Cunningham,Dante Cunningham,PF,79.0,6' 7'',80.25,6' 8.25'',227.4,83.0,6' 11'',106.5,8' 10.5'',4.8,,,28.0,35.0,11.18,,3.26,18.0,2009,,,,,,,,,,,,,,,,,,,,,,,,4.0,1.3481
2009,201939,Stephen,Curry,Stephen Curry,PG-SG,74.0,6' 2'',75.25,6' 3.25'',181,75.5,6' 3.5'',97.0,8' 1'',5.7,,,29.5,35.5,11.07,,3.28,10.0,2009,,,,,,,,,,,,,,,,,,,,,,,,1.5,1.3108
2009,201948,Austin,Daye,Austin Daye,SF-PF,81.75,6' 9.75'',82.75,6' 10.75'',191.8,86.75,7' 2.75'',110.0,9' 2'',5.5,,,25.0,28.0,12.11,,3.55,0.0,2009,,,,,,,,,,,,,,,,,,,,,,,,5.0,1.3456
2009,201942,DeMar,DeRozan,DeMar DeRozan,SG-SF,77.5,6' 5.5'',78.5,6' 6.5'',211.2,81.0,6' 9'',102.5,8' 6.5'',4.9,,,29.0,38.5,11.88,,3.31,5.0,2009,,,,,,,,,,,,,,,,,,,,,,,,3.5,1.3226
2009,201962,Toney,Douglas,Toney Douglas,PG,73.0,6' 1'',74.0,6' 2'',183.4,78.0,6' 6'',97.5,8' 1.5'',5.2,,,28.0,32.5,10.63,,3.03,15.0,2009,,,,,,,,,,,,,,,,,,,,,,,,5.0,1.3356
2009,201961,Wayne,Ellington,Wayne Ellington,SG,76.25,6' 4.25'',77.25,6' 5.25'',202.4,78.5,6' 6.5'',100.0,8' 4'',5.5,,,31.5,38.0,11.14,,3.2,13.0,2009,,,,,,,,,,,,,,,,,,,,,,,,2.25,1.3115
2009,201936,Tyreke,Evans,Tyreke Evans,PG-SG,76.0,6' 4'',77.25,6' 5.25'',220.6,83.25,6' 11.25'',104.0,8' 8'',7.1,,,28.5,34.0,11.81,,3.17,7.0,2009,,,,,,,,,,,,,,,,,,,,,,,,7.25,1.3684
2009,201938,Jonny,Flynn,Jonny Flynn,PG,71.25,5' 11.25'',72.75,6' 0.75'',195.6,76.0,6' 4'',95.5,7' 11.5'',6.3,,,33.0,40.0,10.86,,3.23,10.0,2009,,,,,,,,,,,,,,,,,,,,,,,,4.75,1.3404
2009,201959,Taj,Gibson,Taj Gibson,PF,80.5,6' 8.5'',81.75,6' 9.75'',214.4,88.0,7' 4'',109.0,9' 1'',6.6,,,25.5,30.0,11.56,,3.41,12.0,2009,,,,,,,,,,,,,,,,,,,,,,,,7.5,1.354
2009,201980,Danny,Green,Danny Green,SG-SF,77.25,6' 5.25'',78.5,6' 6.5'',208,82.0,6' 10'',103.0,8' 7'',5.6,,,29.0,33.0,11.3,,3.3,15.0,2009,,,,,,,,,,,,,,,,,,,,,,,,4.75,1.3333
2009,201933,Blake,Griffin,Blake Griffin,PF,80.5,6' 8.5'',82.0,6' 10'',248.4,83.25,6' 11.25'',105.0,8' 9'',8.2,,,32.0,35.5,10.95,,3.28,22.0,2009,,,,,,,,,,,,,,,,,,,,,,,,2.75,1.3043
2009,201946,Tyler,Hansbrough,Tyler Hansbrough,PF,80.25,6' 8.25'',81.5,6' 9.5'',234.2,83.5,6' 11.5'',106.0,8' 10'',8.5,,,27.5,34.0,11.12,,3.27,18.0,2009,,,,,,,,,,,,,,,,,,,,,,,,3.25,1.3209
2009,201935,James,Harden,James Harden,SG,76.0,6' 4'',77.25,6' 5.25'',222,82.75,6' 10.75'',103.5,8' 7.5'',10.1,,,31.5,37.0,11.1,,3.13,17.0,2009,,,,,,,,,,,,,,,,,,,,,,,,6.75,1.3618
2009,201945,Gerald,Henderson,Gerald Henderson,SG-SF,76.0,6' 4'',77.0,6' 5'',214.6,82.25,6' 10.25'',102.5,8' 6.5'',4.4,,,31.5,35.0,11.17,,3.14,8.0,2009,,,,,,,,,,,,,,,,,,,,,,,,6.25,1.3487
2009,12278,Josh,Heytvelt,Josh Heytvelt,PF-C,82.0,6' 10'',83.0,6' 11'',246.2,85.25,7' 1.25'',108.0,9' 0'',10.8,,,28.5,34.0,11.67,,3.38,15.0,2009,,,,,,,,,,,,,,,,,,,,,,,,3.25,1.3171
2009,201941,Jordan,Hill,Jordan Hill,PF-C,81.25,6' 9.25'',82.25,6' 10.25'',232.4,85.5,7' 1.5'',108.0,9' 0'',6.0,,,31.0,35.0,12.23,,3.3,11.0,2009,,,,,,,,,,,,,,,,,,,,,,,,4.25,1.3292
2009,201950,Jrue,Holiday,Jrue Holiday,PG-SG,75.25,6' 3.25'',76.25,6' 4.25'',199,79.0,6' 7'',100.5,8' 4.5'',6.3,,,28.5,34.0,10.64,,3.21,6.0,2009,,,,,,,,,,,,,,,,,,,,,,,,3.75,1.3355
2009,12279,Joe,Ingles,Joe Ingles,SF,79.75,6' 7.75'',80.25,6' 8.25'',209.2,82.25,6' 10.25'',105.0,8' 9'',10.1,,,26.0,31.0,10.66,,3.3,3.0,2009,,,,,,,,,,,,,,,,,,,,,,,,2.5,1.3166
2009,201949,James,Johnson,James Johnson,SF-PF,79.0,6' 7'',79.75,6' 7.75'',257.2,84.75,7' 0.75'',105.5,8' 9.5'',12.0,,,30.5,35.0,11.21,,3.23,18.0,2009,,,,,,,,,,,,,,,,,,,,,,,,5.75,1.3354
2009,201951,Ty,Lawson,Ty Lawson,PG,71.25,5' 11.25'',72.5,6' 0.5'',196.6,72.75,6' 0.75'',94.5,7' 10.5'',6.6,,,29.0,36.5,10.98,,3.12,14.0,2009,,,,,,,,,,,,,,,,,,,,,,,,1.5,1.3263
2009,201953,Eric,Maynor,Eric Maynor,PG,74.25,6' 2.25'',75.25,6' 3.25'',163.6,74.5,6' 2.5'',97.0,8' 1'',5.4,,,28.5,31.5,10.78,,3.19,8.0,2009,,,,,,,,,,,,,,,,,,,,,,,,0.25,1.3064
2009,12282,Jack,McClinton,Jack McClinton,SG-PG,71.75,5' 11.75'',72.75,6' 0.75'',185.2,74.5,6' 2.5'',96.0,8' 0'',6.2,,,30.0,36.5,10.44,,3.21,13.0,2009,,,,,,,,,,,,,,,,,,,,,,,,2.75,1.338
2009,12283,Jerel,McNeal,Jerel McNeal,SG,73.5,6' 1.5'',75.0,6' 3'',190.4,79.25,6' 7.25'',99.5,8' 3.5'',5.4,,,31.5,36.5,10.61,,3.25,10.0,2009,,,,,,,,,,,,,,,,,,,,,,,,5.75,1.3537
2009,201975,Jodie,Meeks,Jodie Meeks,SG,75.0,6' 3'',76.0,6' 4'',211.4,76.5,6' 4.5'',98.0,8' 2'',8.0,,,28.5,37.0,10.96,,3.1,14.0,2009,,,,,,,,,,,,,,,,,,,,,,,,1.5,1.3067
2009,201988,Patty,Mills,Patty Mills,PG,71.25,5' 11.25'',72.5,6' 0.5'',175.4,74.0,6' 2'',95.0,7' 11'',6.9,,,27.5,33.0,10.87,,3.1,8.0,2009,,,,,,,,,,,,,,,,,,,,,,,,2.75,1.3333
2009,201957,Byron,Mullens,Byron Mullens,C,83.75,6' 11.75'',85.25,7' 1.25'',258.2,85.5,7' 1.5'',111.0,9' 3'',8.5,,,28.5,32.5,11.1,,3.45,10.0,2009,,,,,,,,,,,,,,,,,,,,,,,,1.75,1.3254
2009,201985,A.J.,Price,A.J. Price,PG,72.5,6' 0.5'',74.0,6' 2'',192.8,75.75,6' 3.75'',97.0,8' 1'',12.4,,,26.0,31.0,10.99,,3.22,11.0,2009,,,,,,,,,,,,,,,,,,,,,,,,3.25,1.3379
2009,12284,Tyler,Smith,Tyler Smith,SF,77.25,6' 5.25'',78.0,6' 6'',212,81.75,6' 9.75'',104.5,8' 8.5'',7.0,,,29.0,33.5,10.69,,3.24,10.0,2009,,,,,,,,,,,,,,,,,,,,,,,,4.5,1.3528
2009,201969,DaJuan,Summers,DaJuan Summers,SF,79.25,6' 7.25'',80.5,6' 8.5'',243,84.75,7' 0.75'',106.5,8' 10.5'',6.6,,,29.5,34.5,10.94,,3.17,15.0,2009,,,,,,,,,,,,,,,,,,,,,,,,5.5,1.3438
2009,201966,Jermaine,Taylor,Jermaine Taylor,SG,75.5,6' 3.5'',76.75,6' 4.75'',207.4,80.75,6' 8.75'',101.0,8' 5'',5.8,,,34.0,37.5,11.54,,3.32,16.0,2009,,,,,,,,,,,,,,,,,,,,,,,,5.25,1.3377
2009,201952,Jeff,Teague,Jeff Teague,PG,72.25,6' 0.25'',73.5,6' 1.5'',175.2,79.5,6' 7.5'',98.5,8' 2.5'',4.5,,,30.5,36.5,11.05,,3.18,13.0,2009,,,,,,,,,,,,,,,,,,,,,,,,7.25,1.3633
2009,201934,Hasheem,Thabeet,Hasheem Thabeet,C,85.25,7' 1.25'',86.5,7' 2.5'',267.2,90.25,7' 6.25'',113.0,9' 5'',6.7,,,,,,,,,2009,,,,,,,,,,,,,,,,,,,,,,,,5.0,1.3255
2009,201977,Marcus,Thornton,Marcus Thornton,SG,74.75,6' 2.75'',75.75,6' 3.75'',194.4,77.0,6' 5'',99.0,8' 3'',4.8,,,31.0,33.0,10.73,,3.28,14.0,2009,,,,,,,,,,,,,,,,,,,,,,,,2.25,1.3244
2009,201944,Terrence,Williams,Terrence Williams,SG-SF,77.0,6' 5'',78.25,6' 6.25'',213.2,81.0,6' 9'',103.5,8' 7.5'',5.1,,,30.5,37.0,11.15,,3.18,9.0,2009,,,,,,,,,,,,,,,,,,,,,,,,4.0,1.3442
2009,201970,Sam,Young,Sam Young,SF-SG,77.25,6' 5.25'',78.75,6' 6.75'',222.8,82.75,6' 10.75'',105.5,8' 9.5'',4.9,,,27.5,33.0,11.47,,3.45,,2009,,,,,,,,,,,,,,,,,,,,,,,,5.5,1.3657
2010,202374,Solomon,Alabi,Solomon Alabi,C,83.5,6' 11.5'',84.75,7' 0.75'',237.4,89.0,7' 5'',113.0,9' 5'',5.0,9.25,9.25,22.5,26.0,13.2,,3.68,10.0,2010,,,,,,,,,,,,,,,,,,,,,,,,5.5,1.3533
2010,202332,Cole,Aldrich,Cole Aldrich,C,81.0,6' 9'',83.25,6' 11.25'',236,88.75,7' 4.75'',111.5,9' 3.5'',8.5,9.0,9.25,23.0,28.0,11.48,,3.35,10.0,2010,,,,,,,,,,,,,,,,,,,,,,,,7.75,1.3765
2010,202329,Al-Farouq,Aminu,Al-Farouq Aminu,SF,79.25,6' 7.25'',80.5,6' 8.5'',216,87.25,7' 3.25'',108.5,9' 0.5'',8.2,9.5,9.5,27.0,33.5,11.29,,3.3,13.0,2010,,,,,,,,,,,,,,,,,,,,,,,,8.0,1.3691
2010,202341,James,Anderson,James Anderson,SF,76.75,6' 4.75'',77.75,6' 5.75'',207.6,80.5,6' 8.5'',104.0,8' 8'',7.9,8.5,7.25,30.0,35.5,11.86,,3.19,14.0,2010,,,,,,,,,,,,,,,,,,,,,,,,3.75,1.355
2010,202337,Luke,Babbitt,Luke Babbitt,SF-PF,79.5,6' 7.5'',80.75,6' 8.75'',217.8,83.25,6' 11.25'',104.5,8' 8.5'',5.6,8.5,10.0,29.5,37.5,10.98,,3.4,15.0,2010,,,,,,,,,,,,,,,,,,,,,,,,3.75,1.3145
2010,202339,Eric,Bledsoe,Eric Bledsoe,PG,72.25,6' 0.25'',73.5,6' 1.5'',191.6,79.5,6' 7.5'',98.0,8' 2'',5.6,8.5,9.75,,,,,,9.0,2010,,,,,,,,,,,,,,,,,,,,,,,,7.25,1.3564
2010,202344,Trevor,Booker,Trevor Booker,PF,78.25,6' 6.25'',79.5,6' 7.5'',235.8,81.75,6' 9.75'',106.0,8' 10'',7.3,9.0,9.5,31.0,36.0,11.15,,3.1,22.0,2010,,,,,,,,,,,,,,,,,,,,,,,,3.5,1.3546
2010,202342,Craig,Brackins,Craig Brackins,PF-SF,80.5,6' 8.5'',81.75,6' 9.75'',229,84.0,7' 0'',109.0,9' 1'',7.9,9.5,11.25,26.0,35.0,11.65,,3.39,6.0,2010,,,,,,,,,,,,,,,,,,,,,,,,3.5,1.354
2010,202340,Avery,Bradley,Avery Bradley,SG-PG,74.0,6' 2'',75.25,6' 3.25'',180.4,79.25,6' 7.25'',98.5,8' 2.5'',4.0,8.25,9.5,31.5,37.5,11.47,,3.14,2.0,2010,,,,,,,,,,,,,,,,,,,,,,,,5.25,1.3311
2010,202382,Derrick,Caracter,Derrick Caracter,PF,80.25,6' 8.25'',81.5,6' 9.5'',280,84.25,7' 0.25'',107.5,8' 11.5'',12.8,9.0,10.25,25.0,30.5,12.78,,3.61,22.0,2010,,,,,,,,,,,,,,,,,,,,,,,,4.0,1.3396
2010,202395,Sherron,Collins,Sherron Collins,PG,70.25,5' 10.25'',71.75,5' 11.75'',217.2,74.5,6' 2.5'',94.0,7' 10'',9.2,8.5,9.5,27.5,33.0,12.31,,3.24,,2010,,,,,,,,,,,,,,,,,,,,,,,,4.25,1.3381
2010,202326,DeMarcus,Cousins,DeMarcus Cousins,C,81.5,6' 9.5'',82.75,6' 10.75'',291.8,89.75,7' 5.75'',113.0,9' 5'',16.4,9.25,10.0,23.5,27.5,11.4,,3.55,,2010,,,,,,,,,,,,,,,,,,,,,,,,8.25,1.3865
2010,202348,Jordan,Crawford,Jordan Crawford,SG,75.0,6' 3'',76.5,6' 4.5'',198.4,79.0,6' 7'',101.0,8' 5'',4.9,8.0,9.0,31.5,34.5,11.03,,3.37,7.0,2010,,,,,,,,,,,,,,,,,,,,,,,,4.0,1.3467
2010,202334,Ed,Davis,Ed Davis,PF,81.0,6' 9'',81.75,6' 9.75'',226.6,84.0,7' 0'',108.0,9' 0'',10.0,9.25,10.0,31.0,36.0,11.7,,3.21,,2010,,,,,,,,,,,,,,,,,,,,,,,,3.0,1.3333
2010,202365,Devin,Ebanks,Devin Ebanks,SF,79.0,6' 7'',80.25,6' 8.25'',207.8,84.25,7' 0.25'',107.5,8' 11.5'',7.9,8.25,9.0,23.5,32.0,11.69,,3.44,6.0,2010,,,,,,,,,,,,,,,,,,,,,,,,5.25,1.3608
2010,202324,Derrick,Favors,Derrick Favors,PF,80.75,6' 8.75'',82.25,6' 10.25'',245.2,88.0,7' 4'',110.0,9' 2'',6.5,8.75,9.25,31.5,35.5,11.74,,3.25,14.0,2010,,,,,,,,,,,,,,,,,,,,,,,,7.25,1.3622
2010,12316,Keith,Gallon,Keith Gallon,PF-C,80.5,6' 8.5'',81.5,6' 9.5'',301.8,88.5,7' 4.5'',109.5,9' 1.5'',15.1,9.25,10.5,23.5,28.5,13.44,,3.7,14.0,2010,,,,,,,,,,,,,,,,,,,,,,,,8.0,1.3602
2010,12317,Charles,Garcia,Charles Garcia,SF,80.25,6' 8.25'',81.25,6' 9.25'',231.6,85.75,7' 1.75'',107.5,8' 11.5'',7.0,8.75,9.0,24.5,30.5,11.65,,3.23,2.0,2010,,,,,,,,,,,,,,,,,,,,,,,,5.5,1.3396
2010,202331,Paul,George,Paul George,SF,79.75,6' 7.75'',80.75,6' 8.75'',214.4,83.25,6' 11.25'',107.0,8' 11'',5.0,8.5,9.0,,,,,,4.0,2010,,,,,,,,,,,,,,,,,,,,,,,,3.5,1.3417
2010,202376,Luke,Harangody,Luke Harangody,PF,78.0,6' 6'',79.75,6' 7.75'',240.2,81.5,6' 9.5'',106.0,8' 10'',11.1,8.75,9.75,24.0,28.5,11.83,,3.41,23.0,2010,,,,,,,,,,,,,,,,,,,,,,,,3.5,1.359
2010,202412,Manny,Harris,Manny Harris,SG,76.0,6' 4'',77.5,6' 5.5'',185.1,79.25,6' 7.25'',102.0,8' 6'',3.8,8.5,9.0,,,,,,11.0,2010,,,,,,,,,,,,,,,,,,,,,,,,3.25,1.3421
2010,202330,Gordon,Hayward,Gordon Hayward,SF,78.75,6' 6.75'',80.0,6' 8'',211,79.75,6' 7.75'',103.0,8' 7'',6.9,8.5,9.25,30.5,34.5,11.73,,3.22,10.0,2010,,,,,,,,,,,,,,,,,,,,,,,,1.0,1.3079
2010,202351,Lazar,Hayward,Lazar Hayward,SG-SF,76.5,6' 4.5'',77.75,6' 5.75'',225.8,84.75,7' 0.75'',102.0,8' 6'',7.5,9.25,9.5,31.0,36.0,10.87,,3.31,15.0,2010,,,,,,,,,,,,,,,,,,,,,,,,8.25,1.3333
2010,202333,Xavier,Henry,Xavier Henry,SG,77.25,6' 5.25'',78.5,6' 6.5'',210.2,83.25,6' 11.25'',105.0,8' 9'',4.7,8.75,10.0,28.5,36.5,11.1,,3.18,8.0,2010,,,,,,,,,,,,,,,,,,,,,,,,6.0,1.3592
2010,202359,Darington,Hobson,Darington Hobson,SG-SF,77.25,6' 5.25'',78.5,6' 6.5'',203.6,81.25,6' 9.25'',104.5,8' 8.5'',6.2,8.25,9.0,29.0,34.0,11.68,,3.25,,2010,,,,,,,,,,,,,,,,,,,,,,,,4.0,1.3528
2010,202345,Damion,James,Damion James,SF,78.25,6' 6.25'',79.75,6' 7.75'',226.6,84.75,7' 0.75'',107.0,8' 11'',9.6,9.25,8.5,29.0,33.0,10.89,,3.2,13.0,2010,,,,,,,,,,,,,,,,,,,,,,,,6.5,1.3674
2010,202325,Wesley,Johnson,Wesley Johnson,SF,78.25,6' 6.25'',79.25,6' 7.25'',206.4,85.0,7' 1'',106.0,8' 10'',4.6,9.0,9.5,32.0,37.0,11.43,,3.14,16.0,2010,,,,,,,,,,,,,,,,,,,,,,,,6.75,1.3546
2010,202356,Armon,Johnson,Armon Johnson,PG-SG,74.0,6' 2'',75.25,6' 3.25'',195.2,80.0,6' 8'',99.5,8' 3.5'',5.6,8.25,9.25,31.5,38.5,11.25,,3.19,18.0,2010,,,,,,,,,,,,,,,,,,,,,,,,6.0,1.3446
2010,202346,Dominique,Jones,Dominique Jones,SG,75.25,6' 3.25'',77.0,6' 5'',216,81.25,6' 9.25'',101.0,8' 5'',5.9,9.0,10.25,26.0,32.5,10.88,,3.31,19.0,2010,,,,,,,,,,,,,,,,,,,,,,,,6.0,1.3422
2010,12329,Jerome,Jordan,Jerome Jordan,C,83.5,6' 11.5'',84.75,7' 0.75'',244.2,89.25,7' 5.25'',113.0,9' 5'',6.9,9.0,10.25,,,,,,,2010,,,,,,,,,,,,,,,,,,,,,,,,5.75,1.3533
2010,12330,Sylven,Landesberg,Sylven Landesberg,SG,76.75,6' 4.75'',78.25,6' 6.25'',210,81.0,6' 9'',100.5,8' 4.5'',11.6,8.75,10.75,28.0,32.0,11.59,,3.36,8.0,2010,,,,,,,,,,,,,,,,,,,,,,,,4.25,1.3094
2010,202371,Gani,Lawal,Gani Lawal,PF,79.5,6' 7.5'',81.0,6' 9'',233.4,84.0,7' 0'',107.5,8' 11.5'',6.3,8.5,10.0,27.0,31.5,11.61,,3.24,20.0,2010,,,,,,,,,,,,,,,,,,,,,,,,4.5,1.3522
2010,202328,Greg,Monroe,Greg Monroe,PF-C,81.75,6' 9.75'',83.0,6' 11'',246.6,86.25,7' 2.25'',108.5,9' 0.5'',11.2,8.75,9.5,25.0,29.0,12.1,,3.35,15.0,2010,,,,,,,,,,,,,,,,,,,,,,,,4.5,1.3272
2010,202350,Daniel,Orton,Daniel Orton,C,80.75,6' 8.75'',81.5,6' 9.5'',269.2,88.25,7' 4.25'',110.5,9' 2.5'',13.8,8.5,9.75,24.0,30.5,12.32,,3.39,13.0,2010,,,,,,,,,,,,,,,,,,,,,,,,7.5,1.3684
2010,12334,Artsiom,Parakhouski,Artsiom Parakhouski,C,82.25,6' 10.25'',83.75,6' 11.75'',268.2,85.0,7' 1'',109.5,9' 1.5'',6.0,9.0,10.5,25.5,26.5,12.07,,3.33,16.0,2010,,,,,,,,,,,,,,,,,,,,,,,,2.75,1.3313
2010,202335,Patrick,Patterson,Patrick Patterson,PF,80.0,6' 8'',81.25,6' 9.25'',239.6,85.25,7' 1.25'',107.0,8' 11'',5.3,9.25,10.25,28.5,33.5,11.14,,3.25,17.0,2010,,,,,,,,,,,,,,,,,,,,,,,,5.25,1.3375
2010,202354,Dexter,Pittman,Dexter Pittman,PF-C,81.5,6' 9.5'',83.5,6' 11.5'',302.6,90.0,7' 6'',111.0,9' 3'',20.8,10.25,10.5,,,,,,,2010,,,,,,,,,,,,,,,,,,,,,,,,8.5,1.362
2010,202360,Andy,Rautins,Andy Rautins,SG,76.25,6' 4.25'',77.0,6' 5'',191.6,79.0,6' 7'',100.0,8' 4'',6.2,8.0,9.75,23.5,30.5,11.27,,3.49,8.0,2010,,,,,,,,,,,,,,,,,,,,,,,,2.75,1.3115
2010,12338,Ryan,Richards,Ryan Richards,PF,82.5,6' 10.5'',83.75,6' 11.75'',230.2,85.5,7' 1.5'',110.0,9' 2'',8.0,9.0,9.75,25.0,28.5,11.33,,3.37,4.0,2010,,,,,,,,,,,,,,,,,,,,,,,,3.0,1.3333
2010,202383,Stanley,Robinson,Stanley Robinson,SF,78.5,6' 6.5'',79.75,6' 7.75'',213.2,84.0,7' 0'',107.5,8' 11.5'',8.3,9.0,9.0,,37.5,11.65,,3.23,6.0,2010,,,,,,,,,,,,,,,,,,,,,,,,5.5,1.3694
2010,202336,Larry,Sanders,Larry Sanders,PF-C,81.25,6' 9.25'',82.5,6' 10.5'',222.4,89.75,7' 5.75'',112.0,9' 4'',4.6,9.75,11.0,25.5,28.0,12.49,,3.27,7.0,2010,,,,,,,,,,,,,,,,,,,,,,,,8.5,1.3785
2010,12341,Jon,Scheyer,Jon Scheyer,PG-SG,76.75,6' 4.75'',78.0,6' 6'',180,75.25,6' 3.25'',99.0,8' 3'',5.4,7.75,9.5,,,,,,,2010,,,,,,,,,,,,,,,,,,,,,,,,-1.5,1.2899
2010,202362,Lance,Stephenson,Lance Stephenson,SG,76.5,6' 4.5'',77.75,6' 5.75'',227,82.5,6' 10.5'',103.0,8' 7'',9.3,9.0,10.25,27.0,33.0,11.39,,3.38,10.0,2010,,,,,,,,,,,,,,,,,,,,,,,,6.0,1.3464
2010,12343,Mikhail,Torrance,Mikhail Torrance,PG,76.0,6' 4'',77.0,6' 5'',208.8,79.5,6' 7.5'',103.0,8' 7'',7.0,8.75,9.5,23.0,32.0,11.43,,3.17,8.0,2010,,,,,,,,,,,,,,,,,,,,,,,,3.5,1.3553
2010,202323,Evan,Turner,Evan Turner,SG,77.75,6' 5.75'',79.0,6' 7'',213.8,80.0,6' 8'',103.5,8' 7.5'',8.6,8.75,9.5,27.5,34.5,11.06,,3.27,9.0,2010,,,,,,,,,,,,,,,,,,,,,,,,2.25,1.3312
2010,202327,Ekpe,Udoh,Ekpe Udoh,PF,80.75,6' 8.75'',81.75,6' 9.75'',237.4,88.5,7' 4.5'',106.5,8' 10.5'',8.0,9.5,8.75,31.0,33.5,11.15,,3.29,10.0,2010,,,,,,,,,,,,,,,,,,,,,,,,7.75,1.3189
2010,12346,Jarvis,Varnado,Jarvis Varnado,PF-C,80.25,6' 8.25'',82.0,6' 10'',210.2,87.5,7' 3.5'',109.5,9' 1.5'',9.5,9.25,9.5,29.5,32.5,11.61,,3.37,3.0,2010,,,,,,,,,,,,,,,,,,,,,,,,7.25,1.3645
2010,202349,Greivis,Vasquez,Greivis Vasquez,PG-SG,77.0,6' 5'',78.5,6' 6.5'',210.8,79.0,6' 7'',101.0,8' 5'',8.6,7.75,9.25,,,,,,,2010,,,,,,,,,,,,,,,,,,,,,,,,2.0,1.3117
2010,202322,John,Wall,John Wall,PG,74.75,6' 2.75'',76.0,6' 4'',195.6,81.25,6' 9.25'',101.5,8' 5.5'',5.6,8.25,9.5,30.0,39.0,10.84,,3.14,,2010,,,,,,,,,,,,,,,,,,,,,,,,6.5,1.3579
2010,202378,Willie,Warren,Willie Warren,SG-PG,74.5,6' 2.5'',75.75,6' 3.75'',208.4,78.0,6' 6'',99.5,8' 3.5'',7.6,8.5,9.5,23.0,31.5,11.21,,3.5,10.0,2010,,,,,,,,,,,,,,,,,,,,,,,,3.5,1.3356
2010,202358,Terrico,White,Terrico White,SG-PG,75.75,6' 3.75'',77.0,6' 5'',202.6,81.0,6' 9'',101.0,8' 5'',3.7,9.0,10.5,31.0,40.0,11.38,,3.15,10.0,2010,,,,,,,,,,,,,,,,,,,,,,,,5.25,1.3333
2010,202355,Hassan,Whiteside,Hassan Whiteside,C-PF,82.5,6' 10.5'',83.5,6' 11.5'',226.6,91.0,7' 7'',113.0,9' 5'',5.5,8.25,10.25,27.0,31.5,11.83,,3.54,12.0,2010,,,,,,,,,,,,,,,,,,,,,,,,8.5,1.3697
2012,203112,Quincy,Acy,Quincy Acy,PF,78.5,6' 6.5'',79.75,6' 7.75'',223.8,86.75,7' 2.75'',106.5,8' 10.5'',7.1,9.5,11.0,32.0,37.0,10.48,,3.28,13.0,2012,,,,,,,,,,,,,,,,,,,,,,,,8.25,1.3567
2012,203084,Harrison,Barnes,Harrison Barnes,SF-SG,79.0,6' 7'',80.0,6' 8'',227.8,83.25,6' 11.25'',101.5,8' 5.5'',9.6,9.0,8.5,38.0,39.5,10.93,,3.16,15.0,2012,,,,,,,,,,,,,,,,,,,,,,,,4.25,1.2848
2012,203115,Will,Barton,Will Barton,SG-SF,77.0,6' 5'',78.0,6' 6'',174.4,81.75,6' 9.75'',102.5,8' 6.5'',4.1,9.0,9.5,30.0,34.0,12.5,,3.6,0.0,2012,,,,,,,,,,,,,,,,,,,,,,,,4.75,1.3312
2012,203078,Bradley,Beal,Bradley Beal,SG,75.25,6' 3.25'',76.75,6' 4.75'',201.8,80.0,6' 8'',100.0,8' 4'',6.0,8.5,9.0,33.0,39.0,10.95,,3.28,8.0,2012,,,,,,,,,,,,,,,,,,,,,,,,4.75,1.3289
2012,12458,J'Covan,Brown,J'Covan Brown,PG,73.0,6' 1'',74.25,6' 2.25'',202.4,77.25,6' 5.25'',96.0,8' 0'',12.5,7.75,8.25,26.0,29.5,11.68,,3.47,3.0,2012,,,,,,,,,,,,,,,,,,,,,,,,4.25,1.3151
2012,203733,William,Buford,William Buford,SG-SF,76.0,6' 4'',77.0,6' 5'',214.6,81.5,6' 9.5'',102.0,8' 6'',11.3,8.75,10.0,27.5,32.5,11.4,,3.43,8.0,2012,,,,,,,,,,,,,,,,,,,,,,,,5.5,1.3421
2012,203109,Jae,Crowder,Jae Crowder,SF,76.75,6' 4.75'',78.5,6' 6.5'',241.2,81.25,6' 9.25'',99.5,8' 3.5'',9.0,9.5,10.5,31.0,34.5,11.45,,3.37,20.0,2012,,,,,,,,,,,,,,,,,,,,,,,,4.5,1.2964
2012,203099,Jared,Cunningham,Jared Cunningham,SG-PG,75.5,6' 3.5'',77.0,6' 5'',187.6,78.5,6' 6.5'',98.0,8' 2'',3.6,8.25,9.0,,,,,,4.0,2012,,,,,,,,,,,,,,,,,,,,,,,,3.0,1.298
2012,203076,Anthony,Davis,Anthony Davis,PF-C,81.25,6' 9.25'',82.5,6' 10.5'',221.8,89.5,7' 5.5'',108.0,9' 0'',7.9,9.0,8.5,,,,,,,2012,,,,,,,,,,,,,,,,,,,,,,,,8.25,1.3292
2012,203134,Marcus,Denmon,Marcus Denmon,SG,74.25,6' 2.25'',75.25,6' 3.25'',188.2,77.0,6' 5'',94.5,7' 10.5'',6.6,8.25,9.75,33.5,40.0,10.82,,3.19,8.0,2012,,,,,,,,,,,,,,,,,,,,,,,,2.75,1.2727
2012,203083,Andre,Drummond,Andre Drummond,C,81.75,6' 9.75'',83.75,6' 11.75'',278.6,90.25,7' 6.25'',109.5,9' 1.5'',7.5,9.5,9.5,31.5,33.5,10.83,,3.39,10.0,2012,,,,,,,,,,,,,,,,,,,,,,,,8.5,1.3394
2012,203119,Kim,English,Kim English,SG,76.5,6' 4.5'',77.75,6' 5.75'',192,78.5,6' 6.5'',98.0,8' 2'',4.3,8.5,8.75,29.0,36.5,10.59,,3.33,,2012,,,,,,,,,,,,,,,,,,,,,,,,2.0,1.281
2012,203105,Festus,Ezeli,Festus Ezeli,C-PF,81.75,6' 9.75'',83.5,6' 11.5'',264.2,89.75,7' 5.75'',108.0,9' 0'',5.5,9.0,10.75,34.0,33.5,12.35,,3.29,18.0,2012,,,,,,,,,,,,,,,,,,,,,,,,8.0,1.3211
2012,12467,Drew,Gordon,Drew Gordon,PF,80.0,6' 8'',80.75,6' 8.75'',239,83.5,6' 11.5'',103.5,8' 7.5'',9.1,8.5,9.75,29.0,34.0,11.35,,3.49,10.0,2012,,,,,,,,,,,,,,,,,,,,,,,,3.5,1.2938
2012,203110,Draymond,Green,Draymond Green,PF-SF,77.75,6' 5.75'',79.5,6' 7.5'',235.6,85.25,7' 1.25'',105.0,8' 9'',11.3,9.0,9.5,28.0,33.0,11.01,,3.4,9.0,2012,,,,,,,,,,,,,,,,,,,,,,,,7.5,1.3505
2012,203254,JaMychal,Green,JaMychal Green,PF,80.0,6' 8'',81.0,6' 9'',217.4,86.25,7' 2.25'',106.5,8' 10.5'',9.8,9.25,9.25,29.5,32.5,10.63,,3.38,19.0,2012,,,,,,,,,,,,,,,,,,,,,,,,6.25,1.3312
2012,203090,Maurice,Harkless,Maurice Harkless,SF,79.25,6' 7.25'',80.75,6' 8.75'',206.6,84.0,7' 0'',102.5,8' 6.5'',5.3,9.25,10.25,32.5,37.0,10.87,,3.25,5.0,2012,,,,,,,,,,,,,,,,,,,,,,,,4.75,1.2934
2012,203089,John,Henson,John Henson,PF,81.0,6' 9'',82.5,6' 10.5'',216,89.0,7' 5'',112.0,9' 4'',8.6,9.25,10.0,25.5,30.0,,,,5.0,2012,,,,,,,,,,,,,,,,,,,,,,,,8.0,1.3827
2012,203189,Tu,Holloway,Tu Holloway,PG,70.5,5' 10.5'',71.75,5' 11.75'',186.8,77.5,6' 5.5'',94.5,7' 10.5'',8.5,8.75,10.0,28.0,35.0,11.0,,3.42,12.0,2012,,,,,,,,,,,,,,,,,,,,,,,,7.0,1.3404
2012,203133,Robbie,Hummel,Robbie Hummel,SF,79.25,6' 7.25'',80.5,6' 8.5'',218,80.5,6' 8.5'',102.0,8' 6'',9.4,8.5,9.5,27.5,30.0,11.56,,3.41,13.0,2012,,,,,,,,,,,,,,,,,,,,,,,,1.25,1.2871
2012,203108,Bernard,James,Bernard James,PF,80.75,6' 8.75'',82.0,6' 10'',229.8,87.0,7' 3'',108.5,9' 0.5'',5.0,9.0,9.25,30.0,32.5,11.84,,3.4,6.0,2012,,,,,,,,,,,,,,,,,,,,,,,,6.25,1.3437
2012,203098,John,Jenkins,John Jenkins,SG,75.25,6' 3.25'',76.25,6' 4.25'',212,80.5,6' 8.5'',98.0,8' 2'',7.1,9.0,9.0,30.5,36.5,11.36,,3.37,10.0,2012,,,,,,,,,,,,,,,,,,,,,,,,5.25,1.3023
2012,203111,Orlando,Johnson,Orlando Johnson,SG,75.75,6' 3.75'',77.25,6' 5.25'',223.8,83.25,6' 11.25'',99.0,8' 3'',7.0,9.0,9.5,32.0,39.5,10.98,,3.25,13.0,2012,,,,,,,,,,,,,,,,,,,,,,,,7.5,1.3069
2012,203130,Darius,Johnson-Odom,Darius Johnson-Odom,SG,73.5,6' 1.5'',75.0,6' 3'',212,79.0,6' 7'',96.0,8' 0'',7.0,8.75,8.75,33.5,41.5,10.76,,3.21,17.0,2012,,,,,,,,,,,,,,,,,,,,,,,,5.5,1.3061
2012,203093,Terrence,Jones,Terrence Jones,PF-SF,80.25,6' 8.25'',81.5,6' 9.5'',252,86.25,7' 2.25'',107.0,8' 11'',7.7,9.0,10.0,29.5,34.5,11.57,,3.4,12.0,2012,,,,,,,,,,,,,,,,,,,,,,,,6.0,1.3333
2012,203103,Perry,Jones,Perry Jones,PF-SF,82.25,6' 10.25'',83.25,6' 11.25'',233.8,85.75,7' 1.75'',107.0,8' 11'',4.6,9.25,9.5,33.0,38.5,11.31,,3.19,11.0,2012,,,,,,,,,,,,,,,,,,,,,,,,3.5,1.3009
2012,203158,Kevin,Jones,Kevin Jones,PF,78.25,6' 6.25'',79.5,6' 7.5'',251.2,85.5,7' 1.5'',105.0,8' 9'',11.2,9.0,7.75,27.5,32.5,11.94,,3.6,17.0,2012,,,,,,,,,,,,,,,,,,,,,,,,7.25,1.3419
2012,203126,Kris,Joseph,Kris Joseph,SG,78.0,6' 6'',79.0,6' 7'',215,83.0,6' 11'',104.0,8' 8'',8.6,9.0,9.0,28.5,35.0,,,3.46,6.0,2012,,,,,,,,,,,,,,,,,,,,,,,,5.0,1.3333
2012,203077,Michael,Kidd-Gilchrist,Michael Kidd-Gilchrist,SF,77.75,6' 5.75'',79.5,6' 7.5'',232.8,84.0,7' 0'',104.5,8' 8.5'',7.0,9.0,10.25,32.0,35.5,11.77,,3.18,6.0,2012,,,,,,,,,,,,,,,,,,,,,,,,6.25,1.3441
2012,203087,Jeremy,Lamb,Jeremy Lamb,SG,76.0,6' 4'',77.25,6' 5.25'',179.2,83.0,6' 11'',102.0,8' 6'',4.5,8.75,9.25,31.5,38.0,10.98,,3.25,5.0,2012,,,,,,,,,,,,,,,,,,,,,,,,7.0,1.3421
2012,203117,Doron,Lamb,Doron Lamb,SG-PG,75.25,6' 3.25'',76.75,6' 4.75'',199.4,78.75,6' 6.75'',98.5,8' 2.5'',6.7,8.5,8.75,29.0,33.5,11.12,,3.41,2.0,2012,,,,,,,,,,,,,,,,,,,,,,,,3.5,1.309
2012,203086,Meyers,Leonard,Meyers Leonard,C,83.75,6' 11.75'',85.25,7' 1.25'',249.8,87.0,7' 3'',108.0,9' 0'',5.7,9.25,11.0,30.0,32.5,11.34,,3.41,19.0,2012,,,,,,,,,,,,,,,,,,,,,,,,3.25,1.2896
2012,203081,Damian,Lillard,Damian Lillard,PG,73.75,6' 1.75'',74.75,6' 2.75'',188.8,79.75,6' 7.75'',95.5,7' 11.5'',5.9,8.75,9.75,34.5,39.5,11.15,,3.34,13.0,2012,,,,,,,,,,,,,,,,,,,,,,,,6.0,1.2949
2012,203159,Scott,Machado,Scott Machado,PG,73.0,6' 1'',74.0,6' 2'',205.8,76.0,6' 4'',94.5,7' 10.5'',5.8,8.5,9.5,27.0,32.5,11.26,,3.3,17.0,2012,,,,,,,,,,,,,,,,,,,,,,,,3.0,1.2945
2012,203088,Kendall,Marshall,Kendall Marshall,PG,75.25,6' 3.25'',76.25,6' 4.25'',198.4,77.5,6' 5.5'',96.0,8' 0'',7.8,8.5,9.0,31.0,37.0,12.03,,3.23,,2012,,,,,,,,,,,,,,,,,,,,,,,,2.25,1.2757
2012,203097,Fab,Melo,Fab Melo,C,82.75,6' 10.75'',84.0,7' 0'',255,86.5,7' 2.5'',110.0,9' 2'',9.2,9.0,10.0,29.5,31.0,12.14,,3.44,9.0,2012,,,,,,,,,,,,,,,,,,,,,,,,3.75,1.3293
2012,203114,Khris,Middleton,Khris Middleton,SF,78.75,6' 6.75'',80.25,6' 8.25'',216.2,82.75,6' 10.75'',103.0,8' 7'',7.8,9.0,9.0,28.0,31.0,11.45,,3.47,4.0,2012,,,,,,,,,,,,,,,,,,,,,,,,4.0,1.3079
2012,203113,Quincy,Miller,Quincy Miller,SF,80.75,6' 8.75'',82.0,6' 10'',218.7,85.25,7' 1.25'',105.0,8' 9'',7.8,9.25,10.25,30.5,36.0,11.05,,3.48,8.0,2012,,,,,,,,,,,,,,,,,,,,,,,,4.5,1.3003
2012,203121,Darius,Miller,Darius Miller,SF-SG,78.0,6' 6'',79.5,6' 7.5'',233.4,81.0,6' 9'',101.0,8' 5'',7.5,8.5,8.75,33.0,37.0,11.34,,3.31,14.0,2012,,,,,,,,,,,,,,,,,,,,,,,,3.0,1.2949
2012,203183,Tony,Mitchell,Tony Mitchell,SG,77.25,6' 5.25'',78.25,6' 6.25'',216.4,82.0,6' 10'',100.0,8' 4'',5.7,8.5,10.0,31.5,40.0,11.72,,3.47,14.0,2012,,,,,,,,,,,,,,,,,,,,,,,,4.75,1.2945
2012,203102,Arnett,Moultrie,Arnett Moultrie,PF,81.5,6' 9.5'',82.75,6' 10.75'',232.8,86.25,7' 2.25'',106.5,8' 10.5'',7.7,9.25,9.25,33.5,37.5,11.32,,3.22,10.0,2012,,,,,,,,,,,,,,,,,,,,,,,,4.75,1.3067
2012,203122,Kevin,Murphy,Kevin Murphy,SG,77.0,6' 5'',78.25,6' 6.25'',194,78.75,6' 6.75'',99.0,8' 3'',5.8,8.5,8.5,31.0,36.5,10.97,,3.42,11.0,2012,,,,,,,,,,,,,,,,,,,,,,,,1.75,1.2857
2012,203094,Andrew,Nicholson,Andrew Nicholson,PF,80.5,6' 8.5'',81.5,6' 9.5'',234,88.0,7' 4'',107.0,8' 11'',7.6,10.0,10.75,28.5,30.5,11.89,,3.67,10.0,2012,,,,,,,,,,,,,,,,,,,,,,,,7.5,1.3292
2012,203124,Kyle,O'Quinn,Kyle O'Quinn,PF,80.5,6' 8.5'',82.0,6' 10'',240.8,88.75,7' 4.75'',106.5,8' 10.5'',8.0,9.5,10.0,31.5,31.5,11.65,,3.53,,2012,,,,,,,,,,,,,,,,,,,,,,,,8.25,1.323
2012,203101,Miles,Plumlee,Miles Plumlee,PF-C,82.5,6' 10.5'',83.75,6' 11.75'',252.4,84.75,7' 0.75'',105.5,8' 9.5'',11.4,9.25,9.0,34.0,40.5,10.64,,3.36,15.0,2012,,,,,,,,,,,,,,,,,,,,,,,,2.25,1.2788
2012,203085,Austin,Rivers,Austin Rivers,SG-PG,75.5,6' 3.5'',77.0,6' 5'',202.8,79.25,6' 7.25'',96.5,8' 0.5'',6.2,8.5,10.0,32.5,37.5,11.54,,3.32,1.0,2012,,,,,,,,,,,,,,,,,,,,,,,,3.75,1.2781
2012,203080,Thomas,Robinson,Thomas Robinson,PF,79.75,6' 7.75'',80.75,6' 8.75'',244.2,87.25,7' 3.25'',106.0,8' 10'',5.0,9.75,10.5,28.5,35.5,11.96,,3.17,15.0,2012,,,,,,,,,,,,,,,,,,,,,,,,7.5,1.3292
2012,203082,Terrence,Ross,Terrence Ross,SG-SF,78.0,6' 6'',79.0,6' 7'',196.6,79.25,6' 7.25'',100.5,8' 4.5'',3.2,8.75,10.25,31.0,37.5,11.78,,3.28,2.0,2012,,,,,,,,,,,,,,,,,,,,,,,,1.25,1.2885
2012,203107,Tomas,Satoransky,Tomas Satoransky,PG-SG,78.5,6' 6.5'',79.5,6' 7.5'',200.6,79.25,6' 7.25'',100.0,8' 4'',5.2,8.5,9.5,,,,,,,2012,,,,,,,,,,,,,,,,,,,,,,,,0.75,1.2739
2012,203118,Mike,Scott,Mike Scott,PF,79.25,6' 7.25'',80.75,6' 8.75'',240.8,82.75,6' 10.75'',104.0,8' 8'',10.6,8.5,9.0,27.0,32.5,11.59,,3.44,14.0,2012,,,,,,,,,,,,,,,,,,,,,,,,3.5,1.3123
2012,203156,Henry,Sims,Henry Sims,C-PF,82.0,6' 10'',83.75,6' 11.75'',241.2,88.0,7' 4'',108.0,9' 0'',7.7,9.25,10.0,26.5,29.5,12.33,,3.44,7.0,2012,,,,,,,,,,,,,,,,,,,,,,,,6.0,1.3171
2012,203096,Jared,Sullinger,Jared Sullinger,PF,79.75,6' 7.75'',81.0,6' 9'',268.2,85.25,7' 1.25'',105.5,8' 9.5'',10.7,9.25,9.75,29.5,31.0,12.77,,3.81,9.0,2012,,,,,,,,,,,,,,,,,,,,,,,,5.5,1.3229
2012,12507,Jordan,Taylor,Jordan Taylor,PG,73.0,6' 1'',74.0,6' 2'',192.8,75.0,6' 3'',92.5,7' 8.5'',5.5,8.25,9.5,33.0,36.5,10.57,,3.19,14.0,2012,,,,,,,,,,,,,,,,,,,,,,,,2.0,1.2671
2012,203106,Jeff,Taylor,Jeff Taylor,SF-SG,78.0,6' 6'',79.25,6' 7.25'',212.8,78.25,6' 6.25'',101.5,8' 5.5'',4.2,8.25,9.75,33.5,40.0,10.87,,3.29,15.0,2012,,,,,,,,,,,,,,,,,,,,,,,,0.25,1.3013
2012,203116,Tyshawn,Taylor,Tyshawn Taylor,PG,74.75,6' 2.75'',76.0,6' 4'',177,78.25,6' 6.25'',97.5,8' 1.5'',4.2,8.75,8.75,32.0,36.5,11.48,,3.2,0.0,2012,,,,,,,,,,,,,,,,,,,,,,,,3.5,1.3043
2012,203104,Marquis,Teague,Marquis Teague,PG,73.0,6' 1'',74.0,6' 2'',179.8,79.25,6' 7.25'',96.5,8' 0.5'',6.3,8.25,7.75,32.5,40.5,10.65,,3.19,8.0,2012,,,,,,,,,,,,,,,,,,,,,,,,6.25,1.3219
2012,203138,Hollis,Thompson,Hollis Thompson,SF,78.75,6' 6.75'',80.0,6' 8'',206,81.5,6' 9.5'',102.5,8' 6.5'',6.0,8.25,9.75,28.5,36.5,11.72,,3.38,6.0,2012,,,,,,,,,,,,,,,,,,,,,,,,2.75,1.3016
2012,203079,Dion,Waiters,Dion Waiters,SG,74.5,6' 2.5'',76.0,6' 4'',221,79.25,6' 7.25'',98.0,8' 2'',8.5,8.5,9.5,,,,,,,2012,,,,,,,,,,,,,,,,,,,,,,,,4.75,1.3154
2012,203091,Royce,White,Royce White,PF,79.0,6' 7'',80.0,6' 8'',260.6,84.0,7' 0'',104.5,8' 8.5'',10.6,9.5,11.5,,,,,,,2012,,,,,,,,,,,,,,,,,,,,,,,,5.0,1.3228
2012,203100,Tony,Wroten,Tony Wroten,PG,76.75,6' 4.75'',78.0,6' 6'',203.2,81.0,6' 9'',101.0,8' 5'',5.2,8.0,9.0,30.0,35.5,10.75,,3.24,0.0,2012,,,,,,,,,,,,,,,,,,,,,,,,4.25,1.316
2012,203092,Tyler,Zeller,Tyler Zeller,PF-C,83.25,6' 11.25'',84.5,7' 0.5'',247.4,84.0,7' 0'',104.5,8' 8.5'',6.4,9.0,9.75,30.0,34.0,11.13,,3.4,16.0,2012,,,,,,,,,,,,,,,,,,,,,,,,0.75,1.2553
2020,1630173,Precious,Achiuwa,Precious Achiuwa,PF,79.5,6'7.50'',80.7,6'8.75'',234,84.75,7'0.75'',108.5,9'0.50'',6.7,9.0,10.0,,,,,,,2020,,,,,,,,,,,,,,,,,,,,,,,,5.25,1.3648
2020,1630234,Ty-Shon,Alexander,Ty-Shon Alexander,SG,74.0,6'2.00'',76.0,6'4.00'',200.8,80.0,6'8.00'',100.0,8'4.00'',12.3,8.75,8.75,28.0,33.0,11.33,2.47,3.26,,2020,,,,,,,,,,,,,,,,,,,,,,,,6.0,1.3514
2020,1628962,Udoka,Azubuike,Udoka Azubuike,C,82.0,6'10.00'',83.5,6'11.50'',259.5,91.25,7'7.25'',109.0,9'1.00'',9.61,9.25,10.0,37.0,41.0,11.82,3.61,3.23,,2020,,,,,,,,,,,,,,,,,,,,,,,,9.25,1.3293
2020,1630189,Tyler,Bey,Tyler Bey,PF,78.0,6'6.00'',79.0,6'7.00'',212.8,85.25,7'1.25'',105.5,8'9.50'',5.0,8.5,9.0,37.0,43.5,11.35,2.75,3.17,,2020,,,,,,,,,,,,,,,,,,,,,,,,7.25,1.3526
2020,1630213,Yoeli,Childs,Yoeli Childs,PF,78.0,6'6.00'',79.0,6'7.00'',226.4,83.5,6'11.50'',106.0,8'10.00'',8.2,8.75,10.0,34.0,38.5,10.87,2.42,3.22,,2020,,,,,,,,,,,,,,,,,,,,,,,,5.5,1.359
2020,1629603,Mamadi,Diakite,Mamadi Diakite,PF,80.5,6'8.50'',82.2,6'10.25'',222.1,87.75,7'3.75'',107.0,8'11.00'',7.83,9.0,10.25,28.0,37.0,11.95,2.71,3.16,,2020,,,,,,,,,,,,,,,,,,,,,,,,7.25,1.3292
2020,1629653,Devon,Dotson,Devon Dotson,PG,72.5,6'0.50'',73.7,6'1.75'',185.2,75.0,6'3.00'',95.0,7'11.00'',4.6,8.25,10.0,31.5,40.5,10.44,2.22,3.02,,2020,,,,,,,,,,,,,,,,,,,,,,,,2.5,1.3103
2020,1630220,Paul,Eboua,Paul Eboua,SF-PF,78.0,6'6.00'',79.5,6'7.50'',222.2,87.5,7'3.50'',108.0,9'0.00'',3.8,9.0,10.25,33.0,35.5,10.79,2.44,3.19,,2020,,,,,,,,,,,,,,,,,,,,,,,,9.5,1.3846
2020,1629604,CJ,Elleby,CJ Elleby,SG-SF,77.5,6'5.50'',78.2,6'6.25'',198.6,79.25,6'7.25'',100.5,8'4.50'',4.2,8.75,10.0,30.5,36.5,11.25,2.63,3.25,,2020,,,,,,,,,,,,,,,,,,,,,,,,1.75,1.2968
2020,1630235,Trent,Forrest,Trent Forrest,PG,75.5,6'3.50'',76.7,6'4.75'',203,79.5,6'7.50'',102.5,8'6.50'',5.65,9.0,9.75,28.0,34.5,11.04,2.5,3.18,,2020,,,,,,,,,,,,,,,,,,,,,,,,4.0,1.3576
2020,1630182,Josh,Green,Josh Green,SG-SF,76.5,6'4.50'',77.5,6'5.50'',214,81.75,6'9.75'',101.5,8'5.50'',6.8,8.0,8.75,30.5,39.5,10.64,2.28,3.12,,2020,,,,,,,,,,,,,,,,,,,,,,,,5.25,1.3268
2020,1630204,Ashton,Hagans,Ashton Hagans,PG,73.5,6'1.50'',74.5,6'2.50'',193,80.0,6'8.00'',99.5,8'3.50'',4.1,9.0,9.0,29.5,36.5,10.82,2.5,3.13,,2020,,,,,,,,,,,,,,,,,,,,,,,,6.5,1.3537
2020,1630221,Joshua,Hall,Joshua Hall,SF,78.0,6'6.00'',79.5,6'7.50'',196.6,83.0,6'11.00'',104.5,8'8.50'',7.6,8.75,9.5,31.5,37.5,12.16,2.62,3.38,,2020,,,,,,,,,,,,,,,,,,,,,,,,5.0,1.3397
2020,1630223,Jalen,Harris,Jalen Harris,SG,74.75,6'2.75'',76.2,6'4.25'',193.4,79.0,6'7.00'',97.5,8'1.50'',4.4,8.25,9.5,37.5,42.5,10.59,2.49,3.11,,2020,,,,,,,,,,,,,,,,,,,,,,,,4.25,1.3043
2020,1630210,Markus,Howard,Markus Howard,PG,69.5,5'9.50'',71.0,5'11.00'',170.8,72.25,6'0.25'',91.5,7'7.50'',9.91,8.5,7.75,30.5,35.5,11.21,3.17,3.11,,2020,,,,,,,,,,,,,,,,,,,,,,,,2.75,1.3165
2020,1630190,Elijah,Hughes,Elijah Hughes,SF-SG,76.75,6'4.75'',78.5,6'6.50'',229,79.5,6'7.50'',101.5,8'5.50'',10.2,8.5,8.75,,,,,,,2020,,,,,,,,,,,,,,,,,,,,,,,,2.75,1.3225
2020,1630198,Isaiah,Joe,Isaiah Joe,SG,75.0,6'3.00'',76.5,6'4.50'',170.4,79.5,6'7.50'',101.0,8'5.00'',4.7,8.25,8.25,,,,,,,2020,,,,,,,,,,,,,,,,,,,,,,,,4.5,1.3467
2020,1630222,Mason,Jones,Mason Jones,SG,75.75,6'3.75'',77.7,6'5.75'',207.2,79.0,6'7.00'',102.5,8'6.50'',8.9,8.75,8.5,24.0,31.0,10.6,2.49,3.33,,2020,,,,,,,,,,,,,,,,,,,,,,,,3.25,1.3531
2020,1630233,Nathan,Knight,Nathan Knight,PF-C,80.0,6'8.00'',81.7,6'9.75'',235,86.0,7'2.00'',109.5,9'1.50'',8.2,9.0,9.5,23.0,31.5,11.56,2.96,3.31,,2020,,,,,,,,,,,,,,,,,,,,,,,,6.0,1.3688
2020,1630177,Theo,Maledon,Theo Maledon,PG,76.0,6'4.00'',77.0,6'5.00'',187.4,80.75,6'8.75'',100.5,8'4.50'',2.8,8.5,10.0,,,,,,,2020,,,,,,,,,,,,,,,,,,,,,,,,4.75,1.3224
2020,1630211,Karim,Mane,Karim Mane,PG-SG,77.0,6'5.00'',78.0,6'6.00'',196,83.0,6'11.00'',102.0,8'6.00'',3.73,8.5,9.75,31.0,36.0,11.52,2.64,3.04,,2020,,,,,,,,,,,,,,,,,,,,,,,,6.0,1.3247
2020,1630230,Naji,Marshall,Naji Marshall,SF,77.75,6'5.75'',79.0,6'7.00'',233.5,84.75,7'0.75'',102.5,8'6.50'',8.7,9.25,10.5,28.5,35.0,11.77,2.9,3.37,,2020,,,,,,,,,,,,,,,,,,,,,,,,7.0,1.3183
2020,1630231,Kenyon,Martin Jr.,Kenyon Martin Jr.,SF-PF,78.0,6'6.00'',79.0,6'7.00'',213.2,79.25,6'7.25'',102.0,8'6.00'',5.9,8.5,8.75,31.5,38.5,11.93,2.58,3.16,,2020,,,,,,,,,,,,,,,,,,,,,,,,1.25,1.3077
2020,1630219,Skylar,Mays,Skylar Mays,SG,75.0,6'3.00'',76.0,6'4.00'',204,78.0,6'6.00'',99.0,8'3.00'',7.4,8.0,9.75,29.0,37.5,10.65,2.4,3.3,,2020,,,,,,,,,,,,,,,,,,,,,,,,3.0,1.32
2020,1630192,Zeke,Nnaji,Zeke Nnaji,PF-C,81.25,6'9.25'',82.5,6'10.50'',246.8,86.0,7'2.00'',105.5,8'9.50'',5.9,9.0,10.5,33.0,38.0,10.94,2.72,3.2,,2020,,,,,,,,,,,,,,,,,,,,,,,,4.75,1.2985
2020,1629670,Jordan,Nwora,Jordan Nwora,SF-PF,77.75,6'5.75'',79.0,6'7.00'',223,82.25,6'10.25'',104.0,8'8.00'',11.68,8.5,9.25,29.0,35.0,11.29,2.66,3.43,,2020,,,,,,,,,,,,,,,,,,,,,,,,4.5,1.3376
2020,1629617,Reggie,Perry,Reggie Perry,PF-C,80.25,6'8.25'',81.2,6'9.25'',249.6,84.25,7'0.25'',106.5,8'10.50'',8.4,9.25,11.0,30.0,33.5,11.26,2.57,3.25,,2020,,,,,,,,,,,,,,,,,,,,,,,,4.0,1.3271
2020,1629619,Myles,Powell,Myles Powell,PG-SG,72.5,6'0.50'',73.5,6'1.50'',194,79.0,6'7.00'',99.0,8'3.00'',15.8,8.0,9.0,,,,,,,2020,,,,,,,,,,,,,,,,,,,,,,,,6.5,1.3655
2020,1630193,Immanuel,Quickley,Immanuel Quickley,SG,74.0,6'2.00'',75.0,6'3.00'',185.8,80.25,6'8.25'',99.0,8'3.00'',8.2,8.0,8.75,29.5,35.5,11.21,2.46,3.17,,2020,,,,,,,,,,,,,,,,,,,,,,,,6.25,1.3378
2020,1630186,Jahmi'us,Ramsey,Jahmi'us Ramsey,SG,74.5,6'2.50'',75.7,6'3.75'',193.4,78.0,6'6.00'',100.5,8'4.50'',3.4,8.75,9.75,,,,,,,2020,,,,,,,,,,,,,,,,,,,,,,,,3.5,1.349
2020,1630194,Paul,Reed Jr.,Paul Reed Jr.,PF,80.5,6'8.50'',81.2,6'9.25'',219.2,86.0,7'2.00'',109.5,9'1.50'',6.83,9.0,8.75,26.5,37.5,12.29,2.67,3.45,,2020,,,,,,,,,,,,,,,,,,,,,,,,5.5,1.3602
2020,1630208,Nick,Richards,Nick Richards,C,82.5,6'10.50'',83.5,6'11.50'',241.6,86.25,7'2.25'',110.0,9'2.00'',8.5,9.0,9.0,30.0,34.0,11.42,2.92,3.25,,2020,,,,,,,,,,,,,,,,,,,,,,,,3.75,1.3333
2020,1630203,Grant,Riller,Grant Riller,PG-SG,72.25,6'0.25'',73.0,6'1.00'',178.4,77.25,6'5.25'',96.5,8'0.50'',5.4,8.0,8.5,32.5,39.5,11.17,2.45,3.07,,2020,,,,,,,,,,,,,,,,,,,,,,,,5.0,1.3356
2020,1630206,Jayden,Scrubb,Jayden Scrubb,SG-SF,77.0,6'5.00'',78.2,6'6.25'',185.2,81.5,6'9.50'',104.5,8'8.50'',3.7,8.25,9.75,,,,,,,2020,,,,,,,,,,,,,,,,,,,,,,,,4.5,1.3571
2020,1630188,Jalen,Smith,Jalen Smith,PF-C,81.25,6'9.25'',82.2,6'10.25'',224.6,86.25,7'2.25'',110.0,9'2.00'',3.7,9.25,9.25,,,,,,,2020,,,,,,,,,,,,,,,,,,,,,,,,5.0,1.3538
2020,1630199,Cassius,Stanley,Cassius Stanley,SG,77.0,6'5.00'',78.2,6'6.25'',201.6,79.0,6'7.00'',99.5,8'3.50'',5.8,8.25,9.0,34.5,44.0,11.4,2.43,3.09,,2020,,,,,,,,,,,,,,,,,,,,,,,,2.0,1.2922
2020,1630205,Lamar,Stevens,Lamar Stevens,SF-PF,77.75,6'5.75'',78.7,6'6.75'',228,81.0,6'9.00'',101.0,8'5.00'',6.8,8.5,9.75,35.0,41.0,10.35,2.54,3.2,,2020,,,,,,,,,,,,,,,,,,,,,,,,3.25,1.299
2020,1630191,Isaiah,Stewart,Isaiah Stewart,C,79.25,6'7.25'',80.5,6'8.50'',243,88.75,7'4.75'',108.5,9'0.50'',7.5,9.0,10.5,,,,,,,2020,,,,,,,,,,,,,,,,,,,,,,,,9.5,1.3691
2020,1630179,Tyrell,Terry,Tyrell Terry,PG,73.5,6'1.50'',75.0,6'3.00'',170,73.75,6'1.75'',96.0,8'0.00'',7.6,7.5,8.25,30.0,34.0,10.78,2.59,3.28,,2020,,,,,,,,,,,,,,,,,,,,,,,,0.25,1.3061
2020,1629681,Killian,Tillie,Killian Tillie,PF,80.75,6'8.75'',82.0,6'10.00'',221.6,80.0,6'8.00'',106.0,8'10.00'',12.43,8.25,9.25,27.5,32.0,11.6,2.62,3.4,,2020,,,,,,,,,,,,,,,,,,,,,,,,-0.75,1.3127
2020,1630214,Xavier,Tillman Sr.,Xavier Tillman Sr.,PF-C,79.5,6'7.50'',80.5,6'8.50'',266.5,86.0,7'2.00'',106.0,8'10.00'',8.5,10.25,11.0,26.0,32.5,11.8,3.01,3.49,,2020,,,,,,,,,,,,,,,,,,,,,,,,6.5,1.3333
2020,1629700,Kaleb,Wesson,Kaleb Wesson,C,81.25,6'9.25'',82.2,6'10.25'',252.6,87.5,7'3.50'',111.5,9'3.50'',12.5,9.0,10.75,21.5,27.0,11.73,2.64,3.6,,2020,,,,,,,,,,,,,,,,,,,,,,,,6.25,1.3723
2020,1630232,Kahlil,Whitney,Kahlil Whitney,SF,77.5,6'5.50'',79.0,6'7.00'',205,84.25,7'0.25'',105.5,8'9.50'',5.3,9.25,10.25,29.0,39.0,11.17,2.61,3.28,,2020,,,,,,,,,,,,,,,,,,,,,,,,6.75,1.3613
2020,1630216,Cassius,Winston,Cassius Winston,PG,72.5,6'0.50'',73.5,6'1.50'',196,78.0,6'6.00'',97.0,8'1.00'',9.0,8.75,8.25,24.0,28.0,11.15,2.74,3.61,,2020,,,,,,,,,,,,,,,,,,,,,,,,5.5,1.3379
2020,1630218,Robert,Woodard II,Robert Woodard II,SF,77.5,6'5.50'',79.0,6'7.00'',230.2,86.0,7'2.00'',105.5,8'9.50'',4.5,9.0,10.75,32.0,38.0,11.1,2.49,3.18,,2020,,,,,,,,,,,,,,,,,,,,,,,,8.5,1.3613
2022,1630534,Ochai,Agbaji,Ochai Agbaji,SG,76.5,6' 4.50'',77.75,6' 5.75'',216.80,82.25,6' 10.25'',104.0,8' 8.00'',5.4,8.75,9.5,32.0,39.0,10.77,3.11,3.13,,2022,,,,,,,,,,,,,,,,,,,,,,,,5.75,1.3595
2022,1631116,Patrick,Baldwin Jr.,Patrick Baldwin Jr.,SF,81.25,6' 9.25'',82.25,6' 10.25'',230.80,85.75,7' 1.75'',110.5,9' 2.50'',8.9,8.75,9.5,23.5,26.5,12.25,3.3,3.45,,2022,,,,,,15-25,,,,,,,,,,,,,18-30,,,,12-25,4.5,1.36
2022,1631094,Paolo,Banchero,Paolo Banchero,PF,,,,,,,,,,,,,,,,,,,2022,,,,,,,,,,,,,,,,,,,,,,,,,
2022,1631230,Dominick,Barlow,Dominick Barlow,PF,80.75,6' 8.75'',81.75,6' 9.75'',221.00,87.0,7' 3.00'',108.5,9' 0.50'',5.9,9.0,10.5,28.5,34.0,11.29,3.19,3.33,,2022,,,,,,14-25,,,,,,,,,,,,,18-30,,,,9-25,6.25,1.3437
2022,1630699,MarJon,Beauchamp,MarJon Beauchamp,SG,77.25,6' 5.25'',78.5,6' 6.50'',196.60,84.75,7' 0.75'',106.0,8' 10.00'',5.3,9.0,9.0,,,,,,,2022,,,,,,,,,,,,,,,,,,,,,,,,7.5,1.3722
2022,1630656,Hugo,Besson,Hugo Besson,SG,76.5,6' 4.50'',77.75,6' 5.75'',180.40,77.5,6' 5.50'',102.0,8' 6.00'',8.8,7.5,8.5,24.5,31.5,11.36,3.25,3.4,,2022,,,,,,20-25,,,,,,,,,,,,,22-30,,,,14-25,1.0,1.3333
2022,1631103,Malaki,Branham,Malaki Branham,SG,76.0,6' 4.00'',77.5,6' 5.50'',194.80,82.0,6' 10.00'',102.5,8' 6.50'',6.1,8.5,9.75,29.0,35.0,11.38,3.09,3.17,,2022,,,,,,,,,,,,,,,,,,,,,,,,6.0,1.3487
2022,1631128,Christian,Braun,Christian Braun,SG,77.5,6' 5.50'',79.0,6' 7.00'',209.20,78.5,6' 6.50'',99.5,8' 3.50'',6.2,8.0,8.5,33.5,40.0,11.0,3.13,3.16,,2022,,,,,,12-25,,,,,,,,,,,,,14-30,,,,12-25,1.0,1.2839
2022,1631112,Kendall,Brown,Kendall Brown,SF,78.25,6' 6.25'',79.5,6' 7.50'',201.20,83.0,6' 11.00'',103.0,8' 7.00'',4.9,9.0,9.0,31.5,41.0,11.57,3.05,3.29,,2022,,,,,,8-25,,,,,,,,,,,,,15-30,,,,18-25,4.75,1.3163
2022,1631219,John,Butler Jr.,John Butler Jr.,PF,83.75,6' 11.75'',84.75,7' 0.75'',174.40,86.25,7' 2.25'',112.0,9' 4.00'',4.7,8.5,8.75,26.5,28.5,11.16,3.04,3.33,,2022,,,,,,15-25,,,,,,,,,,,,,15-30,,,,15-25,2.5,1.3373
2022,1630577,Julian,Champagnie,Julian Champagnie,SF,78.25,6' 6.25'',79.75,6' 7.75'',212.40,82.0,6' 10.00'',107.0,8' 11.00'',7.1,8.75,9.25,28.5,34.5,11.39,3.04,3.14,,2022,,,,,,19-25,,,,,,,,,,,,,17-30,,,,16-25,3.75,1.3674
2022,1631113,Kennedy,Chandler,Kennedy Chandler,PG,71.5,5' 11.50'',72.5,6' 0.50'',172.20,77.25,6' 5.25'',97.0,8' 1.00'',4.4,8.5,9.5,31.0,41.5,10.73,2.89,,,2022,,,,,,,,,,,,,,,,,,,,,,,,5.75,1.3566
2022,1631108,Max,Christie,Max Christie,SG,76.25,6' 4.25'',77.75,6' 5.75'',189.20,80.75,6' 8.75'',102.5,8' 6.50'',4.8,8.0,8.5,32.0,37.5,10.82,3.02,3.07,,2022,,,,,,16-25,,,,,,,,,,,,,18-30,,,,13-25,4.5,1.3443
2022,1630594,Kofi,Cockburn,Kofi Cockburn,C,83.0,6' 11.00'',84.0,7' 0.00'',293.00,88.25,7' 4.25'',110.5,9' 2.50'',8.2,9.75,10.25,29.5,32.5,12.11,3.31,3.33,,2022,,,,,,7-25,,,,,,,,,,,,,14-30,,,,,5.25,1.3313
2022,1630700,Dyson,Daniels,Dyson Daniels,SG,78.0,6' 6.00'',79.5,6' 7.50'',195.20,82.5,6' 10.50'',105.0,8' 9.00'',4.9,8.5,9.75,29.0,34.0,10.81,2.81,3.22,,2022,,,,,,,,,,,,,,,,,,,,,,,,4.5,1.3462
2022,1631098,Johnny,Davis,Johnny Davis,PG,76.25,6' 4.25'',77.75,6' 5.75'',196.40,80.5,6' 8.50'',103.5,8' 7.50'',6.7,8.5,10.25,,,,,,,2022,,,,,,,,,,,,,,,,,,,,,,,,4.25,1.3574
2022,1631120,JD,Davison,JD Davison,PG,72.5,6' 0.50'',74.5,6' 2.50'',191.80,78.5,6' 6.50'',99.5,8' 3.50'',7.8,8.5,9.5,30.0,37.0,11.38,3.23,3.26,,2022,,,,,,,,,,,,,,,,,,,,,,,,6.0,1.3724
2022,1630620,Darius,Days,Darius Days,SF-PF,,,,,,,,,,,,,,,,,,,2022,,,,,,,,,,,,,,,,,,,,,,,,,
2022,1631217,Moussa,Diabate,Moussa Diabate,C,81.25,6' 9.25'',82.25,6' 10.25'',216.60,86.5,7' 2.50'',109.5,9' 1.50'',2.7,8.5,10.5,29.0,36.5,11.16,2.9,3.26,,2022,,,,,,11-25,,,,,,,,,,,,,19-30,,,,,5.25,1.3477
2022,1631172,Ousmane,Dieng,Ousmane Dieng,SF,,,,,,,,,,,,,,,,,,,2022,,,,,,,,,,,,,,,,,,,,,,,,,
2022,1631215,Khalifa,Diop,Khalifa Diop,C,,,,,,,,,,,,,,,,,,,2022,,,,,,,,,,,,,,,,,,,,,,,,,
2022,1631105,Jalen,Duren,Jalen Duren,C,,,,,,,,,,,,,,,,,,,2022,,,,,,,,,,,,,,,,,,,,,,,,,
2022,1631106,Tari,Eason,Tari Eason,PF,78.75,6' 6.75'',80.0,6' 8.00'',217.40,86.0,7' 2.00'',107.5,8' 11.50'',5.9,9.25,11.0,,,,,,,2022,,,,,,,,,,,,,,,,,,,,,,,,7.25,1.3651
2022,1631165,Keon,Ellis,Keon Ellis,SG,75.5,6' 3.50'',76.75,6' 4.75'',167.40,80.5,6' 8.50'',102.0,8' 6.00'',3.8,8.0,9.25,28.0,35.5,10.87,3.02,3.18,,2022,,,,,,14-25,,,,,,,,,,,,,25-30,,,,15-25,5.0,1.351
2022,1630701,Michael,Foster Jr.,Michael Foster Jr.,C,79.75,6' 7.75'',81.25,6' 9.25'',236.60,84.25,7' 0.25'',109.5,9' 1.50'',6.2,8.75,10.0,28.0,32.5,11.49,3.1,3.22,,2022,,,,,,15-25,,,,,,,,,,,,,20-30,,,,14-25,4.5,1.373
2022,1631221,Collin,Gillespie,Collin Gillespie,PG,73.5,6' 1.50'',74.75,6' 2.75'',195.80,76.0,6' 4.00'',98.0,8' 2.00'',8.6,8.25,9.0,26.5,33.0,10.95,3.01,3.21,,2022,,,,,,18-25,,,,,,,,,,,,,23-30,,,,16-25,2.5,1.3333
2022,1631100,AJ,Griffin,AJ Griffin,SF,,,,,,,,,,,,,,,,,,,2022,,,,,,,,,,,,,,,,,,,,,,,,,
2022,1630702,Jaden,Hardy,Jaden Hardy,SG,,,,,,,,,,,,,,,,,,,2022,,,,,,,,,,,,,,,,,,,,,,,,,
2022,1631199,Ron,Harper Jr.,Ron Harper Jr.,SF,76.0,6' 4.00'',77.5,6' 5.50'',240.40,85.25,7' 1.25'',105.5,8' 9.50'',14.3,9.5,10.0,26.0,30.5,11.41,3.24,3.4,,2022,,,,,,17-25,,,,,,,,,,,,,22-30,,,,15-25,9.25,1.3882
2022,1631096,Chet,Holmgren,Chet Holmgren,PF,,,,,,,,,,,,,,,,,,,2022,,,,,,,,,,,,,,,,,,,,,,,,,
2022,1631127,Harrison,Ingram,Harrison Ingram,SF,77.25,6' 5.25'',79.0,6' 7.00'',232.80,84.25,7' 0.25'',103.5,8' 7.50'',8.3,9.0,10.0,29.5,35.0,11.83,3.26,3.31,,2022,,,,,,12-25,,,,,,,,,,,,,15-30,,,,13-25,7.0,1.3398
2022,1631093,Jaden,Ivey,Jaden Ivey,PG,,,,,,,,,,,,,,,,,,,2022,,,,,,,,,,,,,,,,,,,,,,,,,
2022,1631218,Trayce,Jackson-Davis,Trayce Jackson-Davis,C,,,,,,,,,,,,,,,,,,,2022,,,,,,,,,,,,,,,,,,,,,,,,,
2022,1631107,Nikola,Jovic,Nikola Jovic,SF,81.5,6' 9.50'',83.0,6' 11.00'',222.60,84.25,7' 0.25'',108.5,9' 0.50'',7.4,8.75,9.75,,,,,,,2022,,,,,,,,,,,,,,,,,,,,,,,,2.75,1.3313
2022,1630548,Johnny,Juzang,Johnny Juzang,SG,77.25,6' 5.25'',78.5,6' 6.50'',208.60,83.0,6' 11.00'',102.5,8' 6.50'',7.5,8.5,9.5,27.5,32.5,11.03,3.17,3.29,,2022,,,,,,,,,,,,,,,,,,,,,,,,5.75,1.3269
2022,1631130,Ismael,Kamagate,Ismael Kamagate,PF,,,,,,,,,,,,,,,,,,,2022,,,,,,,,,,,,,,,,,,,,,,,,,
2022,1631211,Trevor,Keels,Trevor Keels,SG,75.25,6' 3.25'',76.75,6' 4.75'',223.80,79.25,6' 7.25'',101.0,8' 5.00'',13.5,8.25,9.0,24.5,31.0,11.33,3.32,3.27,,2022,,,,,,,,,,,,,,,,,,,,,,,,4.0,1.3422
2022,1631117,Walker,Kessler,Walker Kessler,C,84.25,7' 0.25'',85.0,7' 1.00'',256.00,88.25,7' 4.25'',113.0,9' 5.00'',14.7,8.5,8.5,,,,,,,2022,,,,,,,,,,,,,,,,,,,,,,,,4.0,1.3412
2022,1631132,Christian,Koloko,Christian Koloko,C,82.75,6' 10.75'',84.0,7' 0.00'',221.00,89.25,7' 5.25'',113.0,9' 5.00'',5.7,9.0,10.75,28.0,33.5,11.3,3.19,3.27,,2022,,,,,,9-25,,,,,,,,,,,,,15-30,,,,16-25,6.5,1.3656
2022,1631222,Jake,LaRavia,Jake LaRavia,PF,78.75,6' 6.75'',80.0,6' 8.00'',227.20,81.5,6' 9.50'',104.0,8' 8.00'',9.0,8.5,10.25,27.5,34.0,10.58,2.89,3.37,,2022,,,,,,14-25,,,,,,,,,,,,,21-30,,,,17-25,2.75,1.3206
2022,1631171,Justin,Lewis,Justin Lewis,PF,78.25,6' 6.25'',79.5,6' 7.50'',235.40,86.5,7' 2.50'',105.5,8' 9.50'',7.3,9.0,10.5,32.5,35.0,11.49,3.02,3.23,,2022,,,,,,19-25,,,,,,,,,,,,,17-30,,,,9-25,8.25,1.3482
2022,1630604,E.J.,Liddell,E.J. Liddell,PF,77.5,6' 5.50'',79.0,6' 7.00'',243.00,83.75,6' 11.75'',103.5,8' 7.50'',12.2,8.25,9.25,35.5,38.0,11.11,3.23,3.26,,2022,,,,,,,,,,,,,,,,,,,,,,,,6.25,1.3355
2022,1631254,Kenneth,Lofton Jr.,Kenneth Lofton Jr.,PF-C,,,,,,,,,,,,,,,,,,,2022,,,,,,,,,,,,,,,,,,,,,,,,,
2022,1631213,Tyrese,Martin,Tyrese Martin,SG-SF,,,,,,,,,,,,,,,,,,,2022,,,,,,,,,,,,,,,,,,,,,,,,,
2022,1631097,Bennedict,Mathurin,Bennedict Mathurin,SG,76.5,6' 4.50'',78.0,6' 6.00'',204.60,81.0,6' 9.00'',104.0,8' 8.00'',5.7,8.5,9.75,,,,,,,2022,,,,,,,,,,,,,,,,,,,,,,,,4.5,1.3595
2022,1630571,Matthew,Mayer,Matthew Mayer,SF,80.0,6' 8.00'',81.25,6' 9.25'',216.40,82.5,6' 10.50'',105.0,8' 9.00'',11.1,9.0,10.25,25.5,31.5,10.74,,3.39,,2022,,,,,,,,,,,,,,,,,,,,,,,,2.5,1.3125
2022,1631121,Bryce,McGowens,Bryce McGowens,SG,77.25,6' 5.25'',78.5,6' 6.50'',181.20,80.75,6' 8.75'',103.5,8' 7.50'',5.4,8.75,9.5,29.5,34.0,11.12,3.16,3.27,,2022,,,,,,11-25,,,,,,,,,,,,,18-30,,,,13-25,3.5,1.3398
2022,1631159,Leonard,Miller,Leonard Miller,SF,80.5,6' 8.50'',82.0,6' 10.00'',211.00,86.0,7' 2.00'',106.5,8' 10.50'',5.7,9.25,10.5,30.0,36.5,11.11,3.02,3.36,,2022,,,,,,10-25,,,,,,,,,,,,,15-30,,,,,5.5,1.323
2022,1631125,Josh,Minnott,Josh Minnott,PF,,,,,,,,,,,,,,,,,,,2022,,,,,,,,,,,,,,,,,,,,,,,,,
2022,1631198,Aminu,Mohammed,Aminu Mohammed,SG-SF,75.5,6' 3.50'',77.0,6' 5.00'',212.80,83.0,6' 11.00'',104.0,8' 8.00'',5.1,8.75,9.5,29.5,36.0,11.54,3.04,3.33,,2022,,,,,,15-25,,,,,,,,,,,,,23-30,,,,11-25,7.5,1.3775
2022,1631129,Iverson,Molinar,Iverson Molinar,PG,74.25,6' 2.25'',75.25,6' 3.25'',183.20,80.0,6' 8.00'',101.0,8' 5.00'',4.8,8.5,9.5,31.0,38.0,11.23,3.1,3.19,,2022,,,,,,12-25,,,,,,,,,,,,,20-30,,,,10-25,5.75,1.3603
2022,1631168,Jean,Montero,Jean Montero,PG,73.0,6' 1.00'',74.25,6' 2.25'',171.80,77.25,6' 5.25'',98.5,8' 2.50'',7.4,8.0,8.75,29.5,37.0,11.19,3.17,3.17,,2022,,,,,,16-25,,,,,,,,,,,,,21-30,,,,15-25,4.25,1.3493
2022,1631111,Wendell,Moore,Wendell Moore,SG,76.25,6' 4.25'',77.5,6' 5.50'',217.20,84.5,7' 0.50'',101.0,8' 5.00'',7.5,8.75,10.25,32.5,38.5,10.94,3.21,3.3,,2022,,,,,,,,,,,,,,,,,,,,,,,,8.25,1.3246
2022,1631099,Keegan,Murray,Keegan Murray,PF,,,,,,,,,,,,,,,,,,,2022,,,,,,,,,,,,,,,,,,,,,,,,,
2022,1629614,Andrew,Nembhard,Andrew Nembhard,PG,75.0,6' 3.00'',76.5,6' 4.50'',195.60,77.75,6' 5.75'',99.0,8' 3.00'',4.4,8.0,9.5,26.5,35.0,10.46,3.02,3.26,,2022,,,,,,,,,,,,,,,,,,,,,,,,2.75,1.32
2022,1630590,Scotty,Pippen Jr.,Scotty Pippen Jr.,PG,72.0,6' 0.00'',73.5,6' 1.50'',180.00,77.75,6' 5.75'',95.5,7' 11.50'',5.3,7.75,9.0,30.5,37.5,11.07,3.1,3.21,,2022,,,,,,8-25,,,,,,,,,,,,,19-30,,,,14-25,5.75,1.3264
2022,1630629,Gabriele,Procida,Gabriele Procida,SG-SF,77.75,6' 5.75'',79.75,6' 7.75'',192.80,80.0,6' 8.00'',106.0,8' 10.00'',3.8,8.0,9.25,29.5,35.0,11.02,3.14,3.07,,2022,,,,,,,,,,,,,,,,,,,,,,,,2.25,1.3633
2022,1631197,Jared,Rhoden,Jared Rhoden,SG-SF,,,,,,,,,,,,,,,,,,,2022,,,,,,,,,,,,,,,,,,,,,,,,,
2022,1631115,Orlando,Robinson,Orlando Robinson,C,81.75,6' 9.75'',83.0,6' 11.00'',244.40,88.0,7' 4.00'',111.0,9' 3.00'',9.5,8.75,10.0,23.0,27.5,11.4,3.23,3.55,,2022,,,,,,15-25,,,,,,,,,,,,,18-30,,,,13-25,6.25,1.3578
2022,1631223,David,Roddy,David Roddy,PF,76.5,6' 4.50'',78.0,6' 6.00'',260.80,83.5,6' 11.50'',105.0,8' 9.00'',11.6,8.75,10.0,27.0,35.5,10.75,3.1,3.22,,2022,,,,,,13-25,,,,,,,,,,,,,18-30,,,,13-25,7.0,1.3725
2022,1631157,Ryan,Rollins,Ryan Rollins,SG,74.0,6' 2.00'',75.25,6' 3.25'',179.20,81.75,6' 9.75'',100.5,8' 4.50'',5.0,8.0,8.5,30.5,36.5,11.26,3.28,3.07,,2022,,,,,,15-25,,,,,,,,,,,,,17-30,,,,12-25,7.75,1.3581
2022,1631204,Marcus,Sasser,Marcus Sasser,PG,,,,,,,,,,,,,,,,,,,2022,,,,,,,,,,,,,,,,,,,,,,,,,
2022,1631220,Dereon,Seabron,Dereon Seabron,SG,76.75,6' 4.75'',77.75,6' 5.75'',182.40,80.75,6' 8.75'',103.5,8' 7.50'',4.0,8.5,9.5,30.5,38.0,11.03,3.04,3.12,,2022,,,,,,11-25,,,,,,,,,,,,,17-30,,,,15-25,4.0,1.3485
2022,1631101,Shaedon,Sharpe,Shaedon Sharpe,SG,76.25,6' 4.25'',77.25,6' 5.25'',198.00,83.5,6' 11.50'',103.5,8' 7.50'',4.8,9.0,9.25,,,,,,,2022,,,,,,,,,,,,,,,,,,,,,,,,7.25,1.3574
2022,1631095,Jabari,Smith,Jabari Smith,PF,,,,,,,,,,,,,,,,,,,2022,,,,,,,,,,,,,,,,,,,,,,,,,
2022,1631173,Terquavion,Smith,Terquavion Smith,SG,74.25,6' 2.25'',75.75,6' 3.75'',165.20,78.5,6' 6.50'',98.0,8' 2.00'',3.8,8.5,8.0,30.5,38.5,10.63,3.03,3.14,,2022,,,,,,13-25,,,,,,,,,,,,,19-30,,,,13-25,4.25,1.3199
2022,1631110,Jeremy,Sochan,Jeremy Sochan,PF,,,,,,,,,,,,,,,,,,,2022,,,,,,,,,,,,,,,,,,,,,,,,,
2022,1631164,Matteo,Spagnolo,Matteo Spagnolo,PG,76.0,6' 4.00'',77.5,6' 5.50'',196.20,80.0,6' 8.00'',102.0,8' 6.00'',8.6,8.25,10.0,25.5,31.5,11.42,3.16,3.4,,2022,,,,,,,,,,,,,,,,,,,,,,,,4.0,1.3421
2022,1631124,Julian,Strawther,Julian Strawther,SF,77.75,6' 5.75'',79.0,6' 7.00'',207.60,81.5,6' 9.50'',104.5,8' 8.50'',7.9,8.25,8.5,28.5,35.0,10.3,3.37,3.26,,2022,,,,,,18-25,,,,,,,,,,,,,21-30,,,,14-25,3.75,1.3441
2022,1631207,Dalen,Terry,Dalen Terry,SG,78.0,6' 6.00'',79.25,6' 7.25'',195.20,84.75,7' 0.75'',106.0,8' 10.00'',5.4,8.5,9.0,,,,,,,2022,,,,,,,,,,,,,,,,,,,,,,,,6.75,1.359
2022,1631166,Drew,Timme,Drew Timme,C,80.25,6' 8.25'',81.25,6' 9.25'',231.60,86.0,7' 2.00'',107.5,8' 11.50'',15.7,9.0,10.0,25.5,31.5,11.71,3.31,3.38,,2022,,,,,,11-25,,,,,,,,,,,,,13-30,,,,10-25,5.75,1.3396
2022,1631133,Jabari,Walker,Jabari Walker,PF,78.75,6' 6.75'',80.0,6' 8.00'',213.80,82.75,6' 10.75'',105.0,8' 9.00'',12.1,8.75,9.75,29.5,32.5,11.53,3.12,3.24,,2022,,,,,,15-25,,,,,,,,,,,,,14-30,,,,11-25,4.0,1.3333
2022,1631102,TyTy,Washington Jr.,TyTy Washington Jr.,SG,74.25,6' 2.25'',75.75,6' 3.75'',196.40,80.0,6' 8.00'',99.5,8' 3.50'',12.0,8.5,9.25,,,,,,,2022,,,,,,,,,,,,,,,,,,,,,,,,5.75,1.3401
2022,1631212,Peyton,Watson,Peyton Watson,SF,78.75,6' 6.75'',80.0,6' 8.00'',203.40,84.5,7' 0.50'',107.5,8' 11.50'',5.2,8.5,9.5,28.0,33.5,11.03,3.24,3.28,,2022,,,,,,,,,,,,,,,,,,,,,,,,5.75,1.3651
2022,1631104,Blake,Wesley,Blake Wesley,SG,75.0,6' 3.00'',76.25,6' 4.25'',187.20,81.25,6' 9.25'',103.0,8' 7.00'',5.6,8.25,9.0,30.0,36.0,11.55,3.25,3.21,,2022,,,,,,,,,,,,,,,,,,,,,,,,6.25,1.3733
2022,1630652,Trevion,Williams,Trevion Williams,C,79.25,6' 7.25'',80.75,6' 8.75'',264.60,86.75,7' 2.75'',108.5,9' 0.50'',10.8,9.0,10.25,27.5,30.0,12.75,3.46,3.48,,2022,,,,,,7-25,,,,,,,,,,,,,14-30,,,,11-25,7.5,1.3691
2022,1631109,Mark,Williams,Mark Williams,C,84.0,7' 0.00'',86.0,7' 2.00'',242.40,90.5,7' 6.50'',117.0,9' 9.00'',5.4,9.0,9.75,,,,,,,2022,,,,,,,,,,,,,,,,,,,,,,,,6.5,1.3929
2022,1631114,Jalen,Williams,Jalen Williams,SG,76.5,6' 4.50'',77.75,6' 5.75'',209.20,86.25,7' 2.25'',105.5,8' 9.50'',8.9,8.5,9.5,33.5,39.0,11.13,3.17,3.11,,2022,,,,,,13-25,,,,,,,,,,,,,21-30,,,,13-25,9.75,1.3791
2022,1631119,Jaylin,Williams,Jaylin Williams,C,80.75,6' 8.75'',82.0,6' 10.00'',236.60,85.0,7' 1.00'',108.5,9' 0.50'',8.0,8.5,10.5,24.5,30.0,11.64,3.1,3.5,,2022,,,,,,10-25,,,,,,,,,,,,,16-30,,,,10-25,4.25,1.3437
2022,1631214,Alondes,Williams,Alondes Williams,SG,75.75,6' 3.75'',77.0,6' 5.00'',209.00,79.0,6' 7.00'',102.0,8' 6.00'',7.2,8.5,9.25,30.0,35.5,10.96,3.11,3.15,,2022,,,,,,15-25,,,,,,,,,,,,,16-30,,,,11-25,3.25,1.3465
2022,1631258,Bryson,Williams,Bryson Williams,PF-C,,,,,,,,,,,,,,,,,,,2022,,,,,,,,,,,,,,,,,,,,,,,,,
2022,1630592,Jalen,Wilson,Jalen Wilson,SF-PF,,,,,,,,,,,,,,,,,,,2022,,,,,,,,,,,,,,,,,,,,,,,,,
2022,1630855,Fanbo,Zeng,Fanbo Zeng,SF-PF,,,,,,,,,,,,,,,,,,,2022,,,,,,,,,,,,,,,,,,,,,,,,,
